-10,-8,wS7a6yt++BYg+ICaOgQPc/DQGQA=,JJRs+Kym6QXbnKpzp4VOktSxIwU=
-8,-8,wS7a6yt++BYg+ICaOgQPc/DQGQA=,JJRs+Kym6QXbnKpzp4VOktSxIwU=
-5,-8,wS7a6yt++BYg+ICaOgQPc/DQGQA=,JJRs+Kym6QXbnKpzp4VOktSxIwU=
-9,-8,wS7a6yt++BYg+ICaOgQPc/DQGQA=,JJRs+Kym6QXbnKpzp4VOktSxIwU=
-9,-5,wS7a6yt++BYg+ICaOgQPc/DQGQA=,JJRs+Kym6QXbnKpzp4VOktSxIwU=
-6,-8,wS7a6yt++BYg+ICaOgQPc/DQGQA=,JJRs+Kym6QXbnKpzp4VOktSxIwU=
-10,-5,wS7a6yt++BYg+ICaOgQPc/DQGQA=,JJRs+Kym6QXbnKpzp4VOktSxIwU=
-7,-8,wS7a6yt++BYg+ICaOgQPc/DQGQA=,JJRs+Kym6QXbnKpzp4VOktSxIwU=
-11,-5,wS7a6yt++BYg+ICaOgQPc/DQGQA=,JJRs+Kym6QXbnKpzp4VOktSxIwU=
-11,-7,wS7a6yt++BYg+ICaOgQPc/DQGQA=,JJRs+Kym6QXbnKpzp4VOktSxIwU=
-8,-5,wS7a6yt++BYg+ICaOgQPc/DQGQA=,JJRs+Kym6QXbnKpzp4VOktSxIwU=
-12,-7,wS7a6yt++BYg+ICaOgQPc/DQGQA=,JJRs+Kym6QXbnKpzp4VOktSxIwU=
-12,-6,wS7a6yt++BYg+ICaOgQPc/DQGQA=,JJRs+Kym6QXbnKpzp4VOktSxIwU=
-12,-5,wS7a6yt++BYg+ICaOgQPc/DQGQA=,JJRs+Kym6QXbnKpzp4VOktSxIwU=
-9,-7,wS7a6yt++BYg+ICaOgQPc/DQGQA=,JJRs+Kym6QXbnKpzp4VOktSxIwU=
-11,-6,wS7a6yt++BYg+ICaOgQPc/DQGQA=,JJRs+Kym6QXbnKpzp4VOktSxIwU=
-10,-6,wS7a6yt++BYg+ICaOgQPc/DQGQA=,JJRs+Kym6QXbnKpzp4VOktSxIwU=
-10,-7,wS7a6yt++BYg+ICaOgQPc/DQGQA=,JJRs+Kym6QXbnKpzp4VOktSxIwU=
-8,-6,wS7a6yt++BYg+ICaOgQPc/DQGQA=,JJRs+Kym6QXbnKpzp4VOktSxIwU=
-9,-6,wS7a6yt++BYg+ICaOgQPc/DQGQA=,JJRs+Kym6QXbnKpzp4VOktSxIwU=
-12,-8,wS7a6yt++BYg+ICaOgQPc/DQGQA=,JJRs+Kym6QXbnKpzp4VOktSxIwU=
-11,-8,wS7a6yt++BYg+ICaOgQPc/DQGQA=,JJRs+Kym6QXbnKpzp4VOktSxIwU=
-12,-10,wS7a6yt++BYg+ICaOgQPc/DQGQA=,JJRs+Kym6QXbnKpzp4VOktSxIwU=
-6,-12,wS7a6yt++BYg+ICaOgQPc/DQGQA=,JJRs+Kym6QXbnKpzp4VOktSxIwU=
-11,-10,wS7a6yt++BYg+ICaOgQPc/DQGQA=,JJRs+Kym6QXbnKpzp4VOktSxIwU=
-8,-7,wS7a6yt++BYg+ICaOgQPc/DQGQA=,JJRs+Kym6QXbnKpzp4VOktSxIwU=
-5,-12,wS7a6yt++BYg+ICaOgQPc/DQGQA=,JJRs+Kym6QXbnKpzp4VOktSxIwU=
-10,-10,wS7a6yt++BYg+ICaOgQPc/DQGQA=,JJRs+Kym6QXbnKpzp4VOktSxIwU=
-7,-12,wS7a6yt++BYg+ICaOgQPc/DQGQA=,JJRs+Kym6QXbnKpzp4VOktSxIwU=
-7,-11,wS7a6yt++BYg+ICaOgQPc/DQGQA=,JJRs+Kym6QXbnKpzp4VOktSxIwU=
-6,-11,wS7a6yt++BYg+ICaOgQPc/DQGQA=,JJRs+Kym6QXbnKpzp4VOktSxIwU=
-9,-10,wS7a6yt++BYg+ICaOgQPc/DQGQA=,JJRs+Kym6QXbnKpzp4VOktSxIwU=
-5,-5,wS7a6yt++BYg+ICaOgQPc/DQGQA=,JJRs+Kym6QXbnKpzp4VOktSxIwU=
-12,-9,wS7a6yt++BYg+ICaOgQPc/DQGQA=,JJRs+Kym6QXbnKpzp4VOktSxIwU=
-11,-9,wS7a6yt++BYg+ICaOgQPc/DQGQA=,JJRs+Kym6QXbnKpzp4VOktSxIwU=
-6,-5,wS7a6yt++BYg+ICaOgQPc/DQGQA=,JJRs+Kym6QXbnKpzp4VOktSxIwU=
-10,-9,wS7a6yt++BYg+ICaOgQPc/DQGQA=,JJRs+Kym6QXbnKpzp4VOktSxIwU=
-5,-11,wS7a6yt++BYg+ICaOgQPc/DQGQA=,JJRs+Kym6QXbnKpzp4VOktSxIwU=
-9,-9,wS7a6yt++BYg+ICaOgQPc/DQGQA=,JJRs+Kym6QXbnKpzp4VOktSxIwU=
-5,-6,wS7a6yt++BYg+ICaOgQPc/DQGQA=,JJRs+Kym6QXbnKpzp4VOktSxIwU=
-8,-12,wS7a6yt++BYg+ICaOgQPc/DQGQA=,JJRs+Kym6QXbnKpzp4VOktSxIwU=
-5,-9,wS7a6yt++BYg+ICaOgQPc/DQGQA=,JJRs+Kym6QXbnKpzp4VOktSxIwU=
-6,-6,wS7a6yt++BYg+ICaOgQPc/DQGQA=,JJRs+Kym6QXbnKpzp4VOktSxIwU=
-7,-5,wS7a6yt++BYg+ICaOgQPc/DQGQA=,JJRs+Kym6QXbnKpzp4VOktSxIwU=
-6,-9,wS7a6yt++BYg+ICaOgQPc/DQGQA=,JJRs+Kym6QXbnKpzp4VOktSxIwU=
-7,-9,eGuaSaXP78BO+zBcHvQ0v1uHUa8=,JJRs+Kym6QXbnKpzp4VOktSxIwU=
-5,-7,eGuaSaXP78BO+zBcHvQ0v1uHUa8=,JJRs+Kym6QXbnKpzp4VOktSxIwU=
-7,-10,eGuaSaXP78BO+zBcHvQ0v1uHUa8=,JJRs+Kym6QXbnKpzp4VOktSxIwU=
-5,-10,eGuaSaXP78BO+zBcHvQ0v1uHUa8=,JJRs+Kym6QXbnKpzp4VOktSxIwU=
-6,-10,eGuaSaXP78BO+zBcHvQ0v1uHUa8=,JJRs+Kym6QXbnKpzp4VOktSxIwU=
-9,-11,eGuaSaXP78BO+zBcHvQ0v1uHUa8=,JJRs+Kym6QXbnKpzp4VOktSxIwU=
-6,-7,eGuaSaXP78BO+zBcHvQ0v1uHUa8=,JJRs+Kym6QXbnKpzp4VOktSxIwU=
-7,-6,eGuaSaXP78BO+zBcHvQ0v1uHUa8=,JJRs+Kym6QXbnKpzp4VOktSxIwU=
-7,-7,eGuaSaXP78BO+zBcHvQ0v1uHUa8=,JJRs+Kym6QXbnKpzp4VOktSxIwU=
-8,-11,eGuaSaXP78BO+zBcHvQ0v1uHUa8=,JJRs+Kym6QXbnKpzp4VOktSxIwU=
-8,-10,eGuaSaXP78BO+zBcHvQ0v1uHUa8=,JJRs+Kym6QXbnKpzp4VOktSxIwU=
-12,-12,eGuaSaXP78BO+zBcHvQ0v1uHUa8=,JJRs+Kym6QXbnKpzp4VOktSxIwU=
-11,-12,eGuaSaXP78BO+zBcHvQ0v1uHUa8=,JJRs+Kym6QXbnKpzp4VOktSxIwU=
-10,-12,eGuaSaXP78BO+zBcHvQ0v1uHUa8=,JJRs+Kym6QXbnKpzp4VOktSxIwU=
-8,-9,eGuaSaXP78BO+zBcHvQ0v1uHUa8=,JJRs+Kym6QXbnKpzp4VOktSxIwU=
-10,-11,eGuaSaXP78BO+zBcHvQ0v1uHUa8=,JJRs+Kym6QXbnKpzp4VOktSxIwU=
-9,-12,eGuaSaXP78BO+zBcHvQ0v1uHUa8=,JJRs+Kym6QXbnKpzp4VOktSxIwU=
-12,-11,eGuaSaXP78BO+zBcHvQ0v1uHUa8=,JJRs+Kym6QXbnKpzp4VOktSxIwU=
-11,-11,eGuaSaXP78BO+zBcHvQ0v1uHUa8=,JJRs+Kym6QXbnKpzp4VOktSxIwU=
-16,-1,eGuaSaXP78BO+zBcHvQ0v1uHUa8=,JJRs+Kym6QXbnKpzp4VOktSxIwU=
-16,-2,eGuaSaXP78BO+zBcHvQ0v1uHUa8=,JJRs+Kym6QXbnKpzp4VOktSxIwU=
-16,-9,eGuaSaXP78BO+zBcHvQ0v1uHUa8=,JJRs+Kym6QXbnKpzp4VOktSxIwU=
-13,-11,eGuaSaXP78BO+zBcHvQ0v1uHUa8=,JJRs+Kym6QXbnKpzp4VOktSxIwU=
-13,-9,eGuaSaXP78BO+zBcHvQ0v1uHUa8=,JJRs+Kym6QXbnKpzp4VOktSxIwU=
-15,-7,eGuaSaXP78BO+zBcHvQ0v1uHUa8=,JJRs+Kym6QXbnKpzp4VOktSxIwU=
-14,-11,eGuaSaXP78BO+zBcHvQ0v1uHUa8=,JJRs+Kym6QXbnKpzp4VOktSxIwU=
-15,-9,eGuaSaXP78BO+zBcHvQ0v1uHUa8=,JJRs+Kym6QXbnKpzp4VOktSxIwU=
-13,-10,eGuaSaXP78BO+zBcHvQ0v1uHUa8=,JJRs+Kym6QXbnKpzp4VOktSxIwU=
-16,-8,eGuaSaXP78BO+zBcHvQ0v1uHUa8=,JJRs+Kym6QXbnKpzp4VOktSxIwU=
-14,-9,eGuaSaXP78BO+zBcHvQ0v1uHUa8=,JJRs+Kym6QXbnKpzp4VOktSxIwU=
-15,-11,eGuaSaXP78BO+zBcHvQ0v1uHUa8=,JJRs+Kym6QXbnKpzp4VOktSxIwU=
-14,-7,eGuaSaXP78BO+zBcHvQ0v1uHUa8=,JJRs+Kym6QXbnKpzp4VOktSxIwU=
-16,-3,eGuaSaXP78BO+zBcHvQ0v1uHUa8=,JJRs+Kym6QXbnKpzp4VOktSxIwU=
-15,-10,eGuaSaXP78BO+zBcHvQ0v1uHUa8=,JJRs+Kym6QXbnKpzp4VOktSxIwU=
-16,-4,eGuaSaXP78BO+zBcHvQ0v1uHUa8=,JJRs+Kym6QXbnKpzp4VOktSxIwU=
-14,-10,eGuaSaXP78BO+zBcHvQ0v1uHUa8=,JJRs+Kym6QXbnKpzp4VOktSxIwU=
-13,-12,eGuaSaXP78BO+zBcHvQ0v1uHUa8=,JJRs+Kym6QXbnKpzp4VOktSxIwU=
-16,-11,eGuaSaXP78BO+zBcHvQ0v1uHUa8=,JJRs+Kym6QXbnKpzp4VOktSxIwU=
-16,-5,eGuaSaXP78BO+zBcHvQ0v1uHUa8=,JJRs+Kym6QXbnKpzp4VOktSxIwU=
-1,-10,eGuaSaXP78BO+zBcHvQ0v1uHUa8=,JJRs+Kym6QXbnKpzp4VOktSxIwU=
-14,-12,eGuaSaXP78BO+zBcHvQ0v1uHUa8=,JJRs+Kym6QXbnKpzp4VOktSxIwU=
-16,-12,eGuaSaXP78BO+zBcHvQ0v1uHUa8=,JJRs+Kym6QXbnKpzp4VOktSxIwU=
-16,-6,eGuaSaXP78BO+zBcHvQ0v1uHUa8=,JJRs+Kym6QXbnKpzp4VOktSxIwU=
-15,-12,GBxpkuL501A73ienLoYmQmY0UpE=,JJRs+Kym6QXbnKpzp4VOktSxIwU=
-16,-7,GBxpkuL501A73ienLoYmQmY0UpE=,JJRs+Kym6QXbnKpzp4VOktSxIwU=
-16,-10,GBxpkuL501A73ienLoYmQmY0UpE=,JJRs+Kym6QXbnKpzp4VOktSxIwU=
-1,-11,GBxpkuL501A73ienLoYmQmY0UpE=,JJRs+Kym6QXbnKpzp4VOktSxIwU=
-13,-7,GBxpkuL501A73ienLoYmQmY0UpE=,JJRs+Kym6QXbnKpzp4VOktSxIwU=
-13,-1,GBxpkuL501A73ienLoYmQmY0UpE=,JJRs+Kym6QXbnKpzp4VOktSxIwU=
-14,-1,GBxpkuL501A73ienLoYmQmY0UpE=,JJRs+Kym6QXbnKpzp4VOktSxIwU=
-15,-6,GBxpkuL501A73ienLoYmQmY0UpE=,JJRs+Kym6QXbnKpzp4VOktSxIwU=
-1,-12,GBxpkuL501A73ienLoYmQmY0UpE=,JJRs+Kym6QXbnKpzp4VOktSxIwU=
-15,-1,GBxpkuL501A73ienLoYmQmY0UpE=,JJRs+Kym6QXbnKpzp4VOktSxIwU=
-15,-8,GBxpkuL501A73ienLoYmQmY0UpE=,JJRs+Kym6QXbnKpzp4VOktSxIwU=
-2,-9,GBxpkuL501A73ienLoYmQmY0UpE=,JJRs+Kym6QXbnKpzp4VOktSxIwU=
-14,-8,GBxpkuL501A73ienLoYmQmY0UpE=,JJRs+Kym6QXbnKpzp4VOktSxIwU=
-3,-9,GBxpkuL501A73ienLoYmQmY0UpE=,JJRs+Kym6QXbnKpzp4VOktSxIwU=
-13,-8,GBxpkuL501A73ienLoYmQmY0UpE=,JJRs+Kym6QXbnKpzp4VOktSxIwU=
-14,-6,GBxpkuL501A73ienLoYmQmY0UpE=,JJRs+Kym6QXbnKpzp4VOktSxIwU=
-13,-2,GBxpkuL501A73ienLoYmQmY0UpE=,JJRs+Kym6QXbnKpzp4VOktSxIwU=
-14,-2,GBxpkuL501A73ienLoYmQmY0UpE=,JJRs+Kym6QXbnKpzp4VOktSxIwU=
-4,-9,GBxpkuL501A73ienLoYmQmY0UpE=,JJRs+Kym6QXbnKpzp4VOktSxIwU=
-15,-5,GBxpkuL501A73ienLoYmQmY0UpE=,JJRs+Kym6QXbnKpzp4VOktSxIwU=
-14,-5,GBxpkuL501A73ienLoYmQmY0UpE=,JJRs+Kym6QXbnKpzp4VOktSxIwU=
-15,-2,GBxpkuL501A73ienLoYmQmY0UpE=,JJRs+Kym6QXbnKpzp4VOktSxIwU=
-13,-5,GBxpkuL501A73ienLoYmQmY0UpE=,JJRs+Kym6QXbnKpzp4VOktSxIwU=
-2,-10,GBxpkuL501A73ienLoYmQmY0UpE=,JJRs+Kym6QXbnKpzp4VOktSxIwU=
-13,-6,GBxpkuL501A73ienLoYmQmY0UpE=,JJRs+Kym6QXbnKpzp4VOktSxIwU=
-15,-4,GBxpkuL501A73ienLoYmQmY0UpE=,JJRs+Kym6QXbnKpzp4VOktSxIwU=
-13,-3,GBxpkuL501A73ienLoYmQmY0UpE=,JJRs+Kym6QXbnKpzp4VOktSxIwU=
-14,-3,GBxpkuL501A73ienLoYmQmY0UpE=,JJRs+Kym6QXbnKpzp4VOktSxIwU=
-13,-4,GBxpkuL501A73ienLoYmQmY0UpE=,JJRs+Kym6QXbnKpzp4VOktSxIwU=
-3,-10,GBxpkuL501A73ienLoYmQmY0UpE=,JJRs+Kym6QXbnKpzp4VOktSxIwU=
-15,-3,GBxpkuL501A73ienLoYmQmY0UpE=,JJRs+Kym6QXbnKpzp4VOktSxIwU=
-14,-4,GBxpkuL501A73ienLoYmQmY0UpE=,JJRs+Kym6QXbnKpzp4VOktSxIwU=
-4,-10,GBxpkuL501A73ienLoYmQmY0UpE=,JJRs+Kym6QXbnKpzp4VOktSxIwU=
-1,-9,GBxpkuL501A73ienLoYmQmY0UpE=,JJRs+Kym6QXbnKpzp4VOktSxIwU=
-9,-1,GBxpkuL501A73ienLoYmQmY0UpE=,JJRs+Kym6QXbnKpzp4VOktSxIwU=
-2,-11,GBxpkuL501A73ienLoYmQmY0UpE=,JJRs+Kym6QXbnKpzp4VOktSxIwU=
-4,-12,GBxpkuL501A73ienLoYmQmY0UpE=,JJRs+Kym6QXbnKpzp4VOktSxIwU=
-3,-12,GBxpkuL501A73ienLoYmQmY0UpE=,JJRs+Kym6QXbnKpzp4VOktSxIwU=
-1,-7,GBxpkuL501A73ienLoYmQmY0UpE=,JJRs+Kym6QXbnKpzp4VOktSxIwU=
-10,-1,GBxpkuL501A73ienLoYmQmY0UpE=,JJRs+Kym6QXbnKpzp4VOktSxIwU=
-3,-11,GBxpkuL501A73ienLoYmQmY0UpE=,JJRs+Kym6QXbnKpzp4VOktSxIwU=
-11,-1,GBxpkuL501A73ienLoYmQmY0UpE=,JJRs+Kym6QXbnKpzp4VOktSxIwU=
-1,-6,GBxpkuL501A73ienLoYmQmY0UpE=,JJRs+Kym6QXbnKpzp4VOktSxIwU=
-4,-11,GBxpkuL501A73ienLoYmQmY0UpE=,JJRs+Kym6QXbnKpzp4VOktSxIwU=
-1,-5,GBxpkuL501A73ienLoYmQmY0UpE=,JJRs+Kym6QXbnKpzp4VOktSxIwU=
-12,-1,GBxpkuL501A73ienLoYmQmY0UpE=,JJRs+Kym6QXbnKpzp4VOktSxIwU=
-2,-12,GBxpkuL501A73ienLoYmQmY0UpE=,JJRs+Kym6QXbnKpzp4VOktSxIwU=
-9,-2,GBxpkuL501A73ienLoYmQmY0UpE=,JJRs+Kym6QXbnKpzp4VOktSxIwU=
-1,-8,GBxpkuL501A73ienLoYmQmY0UpE=,JJRs+Kym6QXbnKpzp4VOktSxIwU=
-10,-2,GBxpkuL501A73ienLoYmQmY0UpE=,JJRs+Kym6QXbnKpzp4VOktSxIwU=
-4,-7,GBxpkuL501A73ienLoYmQmY0UpE=,JJRs+Kym6QXbnKpzp4VOktSxIwU=
-2,-8,GBxpkuL501A73ienLoYmQmY0UpE=,JJRs+Kym6QXbnKpzp4VOktSxIwU=
-4,-1,GBxpkuL501A73ienLoYmQmY0UpE=,JJRs+Kym6QXbnKpzp4VOktSxIwU=
-12,-4,GBxpkuL501A73ienLoYmQmY0UpE=,JJRs+Kym6QXbnKpzp4VOktSxIwU=
-11,-2,GBxpkuL501A73ienLoYmQmY0UpE=,JJRs+Kym6QXbnKpzp4VOktSxIwU=
-3,-8,GBxpkuL501A73ienLoYmQmY0UpE=,JJRs+Kym6QXbnKpzp4VOktSxIwU=
-11,-4,GBxpkuL501A73ienLoYmQmY0UpE=,JJRs+Kym6QXbnKpzp4VOktSxIwU=
-12,-2,GBxpkuL501A73ienLoYmQmY0UpE=,JJRs+Kym6QXbnKpzp4VOktSxIwU=
-10,-4,GBxpkuL501A73ienLoYmQmY0UpE=,JJRs+Kym6QXbnKpzp4VOktSxIwU=
-4,-8,GBxpkuL501A73ienLoYmQmY0UpE=,JJRs+Kym6QXbnKpzp4VOktSxIwU=
-9,-3,GBxpkuL501A73ienLoYmQmY0UpE=,JJRs+Kym6QXbnKpzp4VOktSxIwU=
-7,-3,GBxpkuL501A73ienLoYmQmY0UpE=,JJRs+Kym6QXbnKpzp4VOktSxIwU=
-3,-1,GBxpkuL501A73ienLoYmQmY0UpE=,JJRs+Kym6QXbnKpzp4VOktSxIwU=
-9,-4,GBxpkuL501A73ienLoYmQmY0UpE=,JJRs+Kym6QXbnKpzp4VOktSxIwU=
-2,-5,GBxpkuL501A73ienLoYmQmY0UpE=,JJRs+Kym6QXbnKpzp4VOktSxIwU=
-2,-6,GBxpkuL501A73ienLoYmQmY0UpE=,JJRs+Kym6QXbnKpzp4VOktSxIwU=
-10,-3,GBxpkuL501A73ienLoYmQmY0UpE=,JJRs+Kym6QXbnKpzp4VOktSxIwU=
-2,-1,GBxpkuL501A73ienLoYmQmY0UpE=,JJRs+Kym6QXbnKpzp4VOktSxIwU=
-11,-3,GBxpkuL501A73ienLoYmQmY0UpE=,JJRs+Kym6QXbnKpzp4VOktSxIwU=
-1,-1,GBxpkuL501A73ienLoYmQmY0UpE=,JJRs+Kym6QXbnKpzp4VOktSxIwU=
-3,-5,GBxpkuL501A73ienLoYmQmY0UpE=,JJRs+Kym6QXbnKpzp4VOktSxIwU=
-12,-3,GBxpkuL501A73ienLoYmQmY0UpE=,JJRs+Kym6QXbnKpzp4VOktSxIwU=
-5,-1,GBxpkuL501A73ienLoYmQmY0UpE=,JJRs+Kym6QXbnKpzp4VOktSxIwU=
-4,-5,GBxpkuL501A73ienLoYmQmY0UpE=,JJRs+Kym6QXbnKpzp4VOktSxIwU=
-6,-1,GBxpkuL501A73ienLoYmQmY0UpE=,JJRs+Kym6QXbnKpzp4VOktSxIwU=
-7,-1,GBxpkuL501A73ienLoYmQmY0UpE=,JJRs+Kym6QXbnKpzp4VOktSxIwU=
-3,-6,GBxpkuL501A73ienLoYmQmY0UpE=,JJRs+Kym6QXbnKpzp4VOktSxIwU=
-16,-16,GBxpkuL501A73ienLoYmQmY0UpE=,JJRs+Kym6QXbnKpzp4VOktSxIwU=
-15,-13,GBxpkuL501A73ienLoYmQmY0UpE=,JJRs+Kym6QXbnKpzp4VOktSxIwU=
-6,-3,GBxpkuL501A73ienLoYmQmY0UpE=,JJRs+Kym6QXbnKpzp4VOktSxIwU=
-14,-13,GBxpkuL501A73ienLoYmQmY0UpE=,JJRs+Kym6QXbnKpzp4VOktSxIwU=
-8,-1,ezSx0ZWzTKG+pkS7YAHwbsxBatw=,JJRs+Kym6QXbnKpzp4VOktSxIwU=
-13,-13,ezSx0ZWzTKG+pkS7YAHwbsxBatw=,JJRs+Kym6QXbnKpzp4VOktSxIwU=
-5,-3,ezSx0ZWzTKG+pkS7YAHwbsxBatw=,JJRs+Kym6QXbnKpzp4VOktSxIwU=
-14,-14,ezSx0ZWzTKG+pkS7YAHwbsxBatw=,JJRs+Kym6QXbnKpzp4VOktSxIwU=
-3,-3,ezSx0ZWzTKG+pkS7YAHwbsxBatw=,JJRs+Kym6QXbnKpzp4VOktSxIwU=
-4,-6,ezSx0ZWzTKG+pkS7YAHwbsxBatw=,JJRs+Kym6QXbnKpzp4VOktSxIwU=
-13,-14,ezSx0ZWzTKG+pkS7YAHwbsxBatw=,JJRs+Kym6QXbnKpzp4VOktSxIwU=
-2,-7,ezSx0ZWzTKG+pkS7YAHwbsxBatw=,JJRs+Kym6QXbnKpzp4VOktSxIwU=
-4,-3,ezSx0ZWzTKG+pkS7YAHwbsxBatw=,JJRs+Kym6QXbnKpzp4VOktSxIwU=
-10,-16,ezSx0ZWzTKG+pkS7YAHwbsxBatw=,JJRs+Kym6QXbnKpzp4VOktSxIwU=
-3,-7,ezSx0ZWzTKG+pkS7YAHwbsxBatw=,JJRs+Kym6QXbnKpzp4VOktSxIwU=
-15,-14,ezSx0ZWzTKG+pkS7YAHwbsxBatw=,JJRs+Kym6QXbnKpzp4VOktSxIwU=
-13,-16,ezSx0ZWzTKG+pkS7YAHwbsxBatw=,JJRs+Kym6QXbnKpzp4VOktSxIwU=
-7,-4,ezSx0ZWzTKG+pkS7YAHwbsxBatw=,JJRs+Kym6QXbnKpzp4VOktSxIwU=
-5,-2,ezSx0ZWzTKG+pkS7YAHwbsxBatw=,JJRs+Kym6QXbnKpzp4VOktSxIwU=
-13,-15,ezSx0ZWzTKG+pkS7YAHwbsxBatw=,JJRs+Kym6QXbnKpzp4VOktSxIwU=
-11,-16,ezSx0ZWzTKG+pkS7YAHwbsxBatw=,JJRs+Kym6QXbnKpzp4VOktSxIwU=
-2,-2,ezSx0ZWzTKG+pkS7YAHwbsxBatw=,JJRs+Kym6QXbnKpzp4VOktSxIwU=
-2,-3,ezSx0ZWzTKG+pkS7YAHwbsxBatw=,JJRs+Kym6QXbnKpzp4VOktSxIwU=
-6,-2,ezSx0ZWzTKG+pkS7YAHwbsxBatw=,JJRs+Kym6QXbnKpzp4VOktSxIwU=
-15,-15,ezSx0ZWzTKG+pkS7YAHwbsxBatw=,JJRs+Kym6QXbnKpzp4VOktSxIwU=
-3,-2,ezSx0ZWzTKG+pkS7YAHwbsxBatw=,JJRs+Kym6QXbnKpzp4VOktSxIwU=
-12,-16,ezSx0ZWzTKG+pkS7YAHwbsxBatw=,JJRs+Kym6QXbnKpzp4VOktSxIwU=
-4,-2,ezSx0ZWzTKG+pkS7YAHwbsxBatw=,JJRs+Kym6QXbnKpzp4VOktSxIwU=
-7,-2,ezSx0ZWzTKG+pkS7YAHwbsxBatw=,JJRs+Kym6QXbnKpzp4VOktSxIwU=
-2,-4,ezSx0ZWzTKG+pkS7YAHwbsxBatw=,JJRs+Kym6QXbnKpzp4VOktSxIwU=
-16,-15,ezSx0ZWzTKG+pkS7YAHwbsxBatw=,JJRs+Kym6QXbnKpzp4VOktSxIwU=
-14,-16,ezSx0ZWzTKG+pkS7YAHwbsxBatw=,JJRs+Kym6QXbnKpzp4VOktSxIwU=
-16,-13,ezSx0ZWzTKG+pkS7YAHwbsxBatw=,JJRs+Kym6QXbnKpzp4VOktSxIwU=
-8,-3,ezSx0ZWzTKG+pkS7YAHwbsxBatw=,JJRs+Kym6QXbnKpzp4VOktSxIwU=
-14,-15,ezSx0ZWzTKG+pkS7YAHwbsxBatw=,JJRs+Kym6QXbnKpzp4VOktSxIwU=
-5,-4,ezSx0ZWzTKG+pkS7YAHwbsxBatw=,JJRs+Kym6QXbnKpzp4VOktSxIwU=
-6,-4,ezSx0ZWzTKG+pkS7YAHwbsxBatw=,JJRs+Kym6QXbnKpzp4VOktSxIwU=
-9,-16,ezSx0ZWzTKG+pkS7YAHwbsxBatw=,JJRs+Kym6QXbnKpzp4VOktSxIwU=
-1,-3,ezSx0ZWzTKG+pkS7YAHwbsxBatw=,JJRs+Kym6QXbnKpzp4VOktSxIwU=
-16,-14,ezSx0ZWzTKG+pkS7YAHwbsxBatw=,JJRs+Kym6QXbnKpzp4VOktSxIwU=
-1,-4,ezSx0ZWzTKG+pkS7YAHwbsxBatw=,JJRs+Kym6QXbnKpzp4VOktSxIwU=
-8,-2,ezSx0ZWzTKG+pkS7YAHwbsxBatw=,JJRs+Kym6QXbnKpzp4VOktSxIwU=
-1,-2,ezSx0ZWzTKG+pkS7YAHwbsxBatw=,JJRs+Kym6QXbnKpzp4VOktSxIwU=
-9,-13,ezSx0ZWzTKG+pkS7YAHwbsxBatw=,JJRs+Kym6QXbnKpzp4VOktSxIwU=
-4,-4,ezSx0ZWzTKG+pkS7YAHwbsxBatw=,JJRs+Kym6QXbnKpzp4VOktSxIwU=
-8,-16,ezSx0ZWzTKG+pkS7YAHwbsxBatw=,JJRs+Kym6QXbnKpzp4VOktSxIwU=
-11,-14,ezSx0ZWzTKG+pkS7YAHwbsxBatw=,JJRs+Kym6QXbnKpzp4VOktSxIwU=
-10,-14,ezSx0ZWzTKG+pkS7YAHwbsxBatw=,JJRs+Kym6QXbnKpzp4VOktSxIwU=
-6,-14,ezSx0ZWzTKG+pkS7YAHwbsxBatw=,JJRs+Kym6QXbnKpzp4VOktSxIwU=
-10,-13,ezSx0ZWzTKG+pkS7YAHwbsxBatw=,JJRs+Kym6QXbnKpzp4VOktSxIwU=
-9,-14,ezSx0ZWzTKG+pkS7YAHwbsxBatw=,JJRs+Kym6QXbnKpzp4VOktSxIwU=
-12,-14,ezSx0ZWzTKG+pkS7YAHwbsxBatw=,JJRs+Kym6QXbnKpzp4VOktSxIwU=
-3,-4,ezSx0ZWzTKG+pkS7YAHwbsxBatw=,JJRs+Kym6QXbnKpzp4VOktSxIwU=
-8,-4,ezSx0ZWzTKG+pkS7YAHwbsxBatw=,JJRs+Kym6QXbnKpzp4VOktSxIwU=
-9,-15,ezSx0ZWzTKG+pkS7YAHwbsxBatw=,JJRs+Kym6QXbnKpzp4VOktSxIwU=
-5,-14,ezSx0ZWzTKG+pkS7YAHwbsxBatw=,JJRs+Kym6QXbnKpzp4VOktSxIwU=
-7,-16,ezSx0ZWzTKG+pkS7YAHwbsxBatw=,JJRs+Kym6QXbnKpzp4VOktSxIwU=
-4,-14,ezSx0ZWzTKG+pkS7YAHwbsxBatw=,JJRs+Kym6QXbnKpzp4VOktSxIwU=
-15,-16,ezSx0ZWzTKG+pkS7YAHwbsxBatw=,JJRs+Kym6QXbnKpzp4VOktSxIwU=
-2,-14,ezSx0ZWzTKG+pkS7YAHwbsxBatw=,JJRs+Kym6QXbnKpzp4VOktSxIwU=
-4,-13,ezSx0ZWzTKG+pkS7YAHwbsxBatw=,JJRs+Kym6QXbnKpzp4VOktSxIwU=
-7,-13,ezSx0ZWzTKG+pkS7YAHwbsxBatw=,JJRs+Kym6QXbnKpzp4VOktSxIwU=
-6,-13,ezSx0ZWzTKG+pkS7YAHwbsxBatw=,JJRs+Kym6QXbnKpzp4VOktSxIwU=
-5,-13,ezSx0ZWzTKG+pkS7YAHwbsxBatw=,JJRs+Kym6QXbnKpzp4VOktSxIwU=
-3,-13,ezSx0ZWzTKG+pkS7YAHwbsxBatw=,JJRs+Kym6QXbnKpzp4VOktSxIwU=
-6,-16,ezSx0ZWzTKG+pkS7YAHwbsxBatw=,JJRs+Kym6QXbnKpzp4VOktSxIwU=
-5,-16,ezSx0ZWzTKG+pkS7YAHwbsxBatw=,JJRs+Kym6QXbnKpzp4VOktSxIwU=
-2,-13,ezSx0ZWzTKG+pkS7YAHwbsxBatw=,JJRs+Kym6QXbnKpzp4VOktSxIwU=
-7,-15,ezSx0ZWzTKG+pkS7YAHwbsxBatw=,JJRs+Kym6QXbnKpzp4VOktSxIwU=
-7,-14,ezSx0ZWzTKG+pkS7YAHwbsxBatw=,JJRs+Kym6QXbnKpzp4VOktSxIwU=
-3,-14,ezSx0ZWzTKG+pkS7YAHwbsxBatw=,JJRs+Kym6QXbnKpzp4VOktSxIwU=
-11,-15,ezSx0ZWzTKG+pkS7YAHwbsxBatw=,JJRs+Kym6QXbnKpzp4VOktSxIwU=
-4,-16,ezSx0ZWzTKG+pkS7YAHwbsxBatw=,JJRs+Kym6QXbnKpzp4VOktSxIwU=
-12,-15,ezSx0ZWzTKG+pkS7YAHwbsxBatw=,JJRs+Kym6QXbnKpzp4VOktSxIwU=
-11,-13,ezSx0ZWzTKG+pkS7YAHwbsxBatw=,JJRs+Kym6QXbnKpzp4VOktSxIwU=
-10,-15,ezSx0ZWzTKG+pkS7YAHwbsxBatw=,JJRs+Kym6QXbnKpzp4VOktSxIwU=
-3,-16,ezSx0ZWzTKG+pkS7YAHwbsxBatw=,JJRs+Kym6QXbnKpzp4VOktSxIwU=
-5,-15,ezSx0ZWzTKG+pkS7YAHwbsxBatw=,JJRs+Kym6QXbnKpzp4VOktSxIwU=
-12,-13,ezSx0ZWzTKG+pkS7YAHwbsxBatw=,JJRs+Kym6QXbnKpzp4VOktSxIwU=
-2,-16,ezSx0ZWzTKG+pkS7YAHwbsxBatw=,JJRs+Kym6QXbnKpzp4VOktSxIwU=
-4,-15,ezSx0ZWzTKG+pkS7YAHwbsxBatw=,JJRs+Kym6QXbnKpzp4VOktSxIwU=
-8,-14,ezSx0ZWzTKG+pkS7YAHwbsxBatw=,JJRs+Kym6QXbnKpzp4VOktSxIwU=
-3,-15,ezSx0ZWzTKG+pkS7YAHwbsxBatw=,JJRs+Kym6QXbnKpzp4VOktSxIwU=
-8,-13,ezSx0ZWzTKG+pkS7YAHwbsxBatw=,JJRs+Kym6QXbnKpzp4VOktSxIwU=
-8,-15,ezSx0ZWzTKG+pkS7YAHwbsxBatw=,JJRs+Kym6QXbnKpzp4VOktSxIwU=
-2,-15,ezSx0ZWzTKG+pkS7YAHwbsxBatw=,JJRs+Kym6QXbnKpzp4VOktSxIwU=
-1,-16,ezSx0ZWzTKG+pkS7YAHwbsxBatw=,JJRs+Kym6QXbnKpzp4VOktSxIwU=
-6,-15,ezSx0ZWzTKG+pkS7YAHwbsxBatw=,JJRs+Kym6QXbnKpzp4VOktSxIwU=
-1,-14,ezSx0ZWzTKG+pkS7YAHwbsxBatw=,JJRs+Kym6QXbnKpzp4VOktSxIwU=
-1,-13,ezSx0ZWzTKG+pkS7YAHwbsxBatw=,JJRs+Kym6QXbnKpzp4VOktSxIwU=
-1,-15,ezSx0ZWzTKG+pkS7YAHwbsxBatw=,JJRs+Kym6QXbnKpzp4VOktSxIwU=
-11,-25,bidVw7Yesbyva+RhsNdx+jTzHpA=,JJRs+Kym6QXbnKpzp4VOktSxIwU=
-12,-25,bidVw7Yesbyva+RhsNdx+jTzHpA=,JJRs+Kym6QXbnKpzp4VOktSxIwU=
-8,-24,bidVw7Yesbyva+RhsNdx+jTzHpA=,JJRs+Kym6QXbnKpzp4VOktSxIwU=
-10,-25,bidVw7Yesbyva+RhsNdx+jTzHpA=,JJRs+Kym6QXbnKpzp4VOktSxIwU=
-5,-28,bidVw7Yesbyva+RhsNdx+jTzHpA=,JJRs+Kym6QXbnKpzp4VOktSxIwU=
-8,-25,bidVw7Yesbyva+RhsNdx+jTzHpA=,JJRs+Kym6QXbnKpzp4VOktSxIwU=
-8,-26,bidVw7Yesbyva+RhsNdx+jTzHpA=,JJRs+Kym6QXbnKpzp4VOktSxIwU=
-6,-28,bidVw7Yesbyva+RhsNdx+jTzHpA=,JJRs+Kym6QXbnKpzp4VOktSxIwU=
-12,-24,bidVw7Yesbyva+RhsNdx+jTzHpA=,JJRs+Kym6QXbnKpzp4VOktSxIwU=
-9,-26,bidVw7Yesbyva+RhsNdx+jTzHpA=,JJRs+Kym6QXbnKpzp4VOktSxIwU=
-9,-24,bidVw7Yesbyva+RhsNdx+jTzHpA=,JJRs+Kym6QXbnKpzp4VOktSxIwU=
-8,-22,bidVw7Yesbyva+RhsNdx+jTzHpA=,JJRs+Kym6QXbnKpzp4VOktSxIwU=
-7,-27,bidVw7Yesbyva+RhsNdx+jTzHpA=,JJRs+Kym6QXbnKpzp4VOktSxIwU=
-11,-24,bidVw7Yesbyva+RhsNdx+jTzHpA=,JJRs+Kym6QXbnKpzp4VOktSxIwU=
-7,-28,bidVw7Yesbyva+RhsNdx+jTzHpA=,JJRs+Kym6QXbnKpzp4VOktSxIwU=
-10,-24,bidVw7Yesbyva+RhsNdx+jTzHpA=,JJRs+Kym6QXbnKpzp4VOktSxIwU=
-10,-21,bidVw7Yesbyva+RhsNdx+jTzHpA=,JJRs+Kym6QXbnKpzp4VOktSxIwU=
-9,-21,bidVw7Yesbyva+RhsNdx+jTzHpA=,JJRs+Kym6QXbnKpzp4VOktSxIwU=
-11,-21,bidVw7Yesbyva+RhsNdx+jTzHpA=,JJRs+Kym6QXbnKpzp4VOktSxIwU=
-12,-21,bidVw7Yesbyva+RhsNdx+jTzHpA=,JJRs+Kym6QXbnKpzp4VOktSxIwU=
-9,-22,bidVw7Yesbyva+RhsNdx+jTzHpA=,JJRs+Kym6QXbnKpzp4VOktSxIwU=
-12,-22,bidVw7Yesbyva+RhsNdx+jTzHpA=,JJRs+Kym6QXbnKpzp4VOktSxIwU=
-10,-22,bidVw7Yesbyva+RhsNdx+jTzHpA=,JJRs+Kym6QXbnKpzp4VOktSxIwU=
-10,-23,bidVw7Yesbyva+RhsNdx+jTzHpA=,JJRs+Kym6QXbnKpzp4VOktSxIwU=
-11,-22,bidVw7Yesbyva+RhsNdx+jTzHpA=,JJRs+Kym6QXbnKpzp4VOktSxIwU=
-9,-23,bidVw7Yesbyva+RhsNdx+jTzHpA=,JJRs+Kym6QXbnKpzp4VOktSxIwU=
-8,-21,bidVw7Yesbyva+RhsNdx+jTzHpA=,JJRs+Kym6QXbnKpzp4VOktSxIwU=
-11,-23,bidVw7Yesbyva+RhsNdx+jTzHpA=,JJRs+Kym6QXbnKpzp4VOktSxIwU=
-5,-22,bidVw7Yesbyva+RhsNdx+jTzHpA=,JJRs+Kym6QXbnKpzp4VOktSxIwU=
-6,-22,bidVw7Yesbyva+RhsNdx+jTzHpA=,JJRs+Kym6QXbnKpzp4VOktSxIwU=
-8,-23,bidVw7Yesbyva+RhsNdx+jTzHpA=,JJRs+Kym6QXbnKpzp4VOktSxIwU=
-12,-23,bidVw7Yesbyva+RhsNdx+jTzHpA=,JJRs+Kym6QXbnKpzp4VOktSxIwU=
-5,-24,bidVw7Yesbyva+RhsNdx+jTzHpA=,JJRs+Kym6QXbnKpzp4VOktSxIwU=
-7,-23,bidVw7Yesbyva+RhsNdx+jTzHpA=,JJRs+Kym6QXbnKpzp4VOktSxIwU=
-7,-24,bidVw7Yesbyva+RhsNdx+jTzHpA=,JJRs+Kym6QXbnKpzp4VOktSxIwU=
-6,-24,bidVw7Yesbyva+RhsNdx+jTzHpA=,JJRs+Kym6QXbnKpzp4VOktSxIwU=
-6,-21,bidVw7Yesbyva+RhsNdx+jTzHpA=,JJRs+Kym6QXbnKpzp4VOktSxIwU=
-7,-22,bidVw7Yesbyva+RhsNdx+jTzHpA=,JJRs+Kym6QXbnKpzp4VOktSxIwU=
-6,-23,bidVw7Yesbyva+RhsNdx+jTzHpA=,JJRs+Kym6QXbnKpzp4VOktSxIwU=
-5,-21,bidVw7Yesbyva+RhsNdx+jTzHpA=,JJRs+Kym6QXbnKpzp4VOktSxIwU=
-5,-23,bidVw7Yesbyva+RhsNdx+jTzHpA=,JJRs+Kym6QXbnKpzp4VOktSxIwU=
-11,-28,bidVw7Yesbyva+RhsNdx+jTzHpA=,JJRs+Kym6QXbnKpzp4VOktSxIwU=
-7,-21,bidVw7Yesbyva+RhsNdx+jTzHpA=,JJRs+Kym6QXbnKpzp4VOktSxIwU=
-9,-28,bidVw7Yesbyva+RhsNdx+jTzHpA=,JJRs+Kym6QXbnKpzp4VOktSxIwU=
-10,-28,bidVw7Yesbyva+RhsNdx+jTzHpA=,JJRs+Kym6QXbnKpzp4VOktSxIwU=
-12,-28,bidVw7Yesbyva+RhsNdx+jTzHpA=,JJRs+Kym6QXbnKpzp4VOktSxIwU=
-8,-28,bidVw7Yesbyva+RhsNdx+jTzHpA=,JJRs+Kym6QXbnKpzp4VOktSxIwU=
-11,-26,bidVw7Yesbyva+RhsNdx+jTzHpA=,JJRs+Kym6QXbnKpzp4VOktSxIwU=
-10,-26,bidVw7Yesbyva+RhsNdx+jTzHpA=,JJRs+Kym6QXbnKpzp4VOktSxIwU=
-9,-25,bidVw7Yesbyva+RhsNdx+jTzHpA=,JJRs+Kym6QXbnKpzp4VOktSxIwU=
-12,-26,IlCV0iB+JMkDUxaEenY1Uk5Mc2s=,JJRs+Kym6QXbnKpzp4VOktSxIwU=
-10,-27,IlCV0iB+JMkDUxaEenY1Uk5Mc2s=,JJRs+Kym6QXbnKpzp4VOktSxIwU=
-11,-27,IlCV0iB+JMkDUxaEenY1Uk5Mc2s=,JJRs+Kym6QXbnKpzp4VOktSxIwU=
-5,-25,IlCV0iB+JMkDUxaEenY1Uk5Mc2s=,JJRs+Kym6QXbnKpzp4VOktSxIwU=
-6,-25,IlCV0iB+JMkDUxaEenY1Uk5Mc2s=,JJRs+Kym6QXbnKpzp4VOktSxIwU=
-9,-27,IlCV0iB+JMkDUxaEenY1Uk5Mc2s=,JJRs+Kym6QXbnKpzp4VOktSxIwU=
-7,-25,IlCV0iB+JMkDUxaEenY1Uk5Mc2s=,JJRs+Kym6QXbnKpzp4VOktSxIwU=
-12,-27,IlCV0iB+JMkDUxaEenY1Uk5Mc2s=,JJRs+Kym6QXbnKpzp4VOktSxIwU=
-7,-26,IlCV0iB+JMkDUxaEenY1Uk5Mc2s=,JJRs+Kym6QXbnKpzp4VOktSxIwU=
-5,-26,IlCV0iB+JMkDUxaEenY1Uk5Mc2s=,JJRs+Kym6QXbnKpzp4VOktSxIwU=
-6,-26,IlCV0iB+JMkDUxaEenY1Uk5Mc2s=,JJRs+Kym6QXbnKpzp4VOktSxIwU=
-6,-27,IlCV0iB+JMkDUxaEenY1Uk5Mc2s=,JJRs+Kym6QXbnKpzp4VOktSxIwU=
-8,-27,IlCV0iB+JMkDUxaEenY1Uk5Mc2s=,JJRs+Kym6QXbnKpzp4VOktSxIwU=
-5,-27,IlCV0iB+JMkDUxaEenY1Uk5Mc2s=,JJRs+Kym6QXbnKpzp4VOktSxIwU=
-16,-24,Bu8tyocGaz0EEShu9ykYYDX+6FU=,JJRs+Kym6QXbnKpzp4VOktSxIwU=
-15,-23,Bu8tyocGaz0EEShu9ykYYDX+6FU=,JJRs+Kym6QXbnKpzp4VOktSxIwU=
-16,-25,Bu8tyocGaz0EEShu9ykYYDX+6FU=,JJRs+Kym6QXbnKpzp4VOktSxIwU=
-14,-23,Bu8tyocGaz0EEShu9ykYYDX+6FU=,JJRs+Kym6QXbnKpzp4VOktSxIwU=
-15,-22,Bu8tyocGaz0EEShu9ykYYDX+6FU=,JJRs+Kym6QXbnKpzp4VOktSxIwU=
-13,-23,Bu8tyocGaz0EEShu9ykYYDX+6FU=,JJRs+Kym6QXbnKpzp4VOktSxIwU=
-16,-26,Bu8tyocGaz0EEShu9ykYYDX+6FU=,JJRs+Kym6QXbnKpzp4VOktSxIwU=
-13,-22,Bu8tyocGaz0EEShu9ykYYDX+6FU=,JJRs+Kym6QXbnKpzp4VOktSxIwU=
-14,-22,Bu8tyocGaz0EEShu9ykYYDX+6FU=,JJRs+Kym6QXbnKpzp4VOktSxIwU=
-14,-21,Bu8tyocGaz0EEShu9ykYYDX+6FU=,JJRs+Kym6QXbnKpzp4VOktSxIwU=
-15,-21,Bu8tyocGaz0EEShu9ykYYDX+6FU=,JJRs+Kym6QXbnKpzp4VOktSxIwU=
-16,-27,Bu8tyocGaz0EEShu9ykYYDX+6FU=,JJRs+Kym6QXbnKpzp4VOktSxIwU=
-16,-28,Bu8tyocGaz0EEShu9ykYYDX+6FU=,JJRs+Kym6QXbnKpzp4VOktSxIwU=
-13,-21,Bu8tyocGaz0EEShu9ykYYDX+6FU=,JJRs+Kym6QXbnKpzp4VOktSxIwU=
-13,-24,Bu8tyocGaz0EEShu9ykYYDX+6FU=,JJRs+Kym6QXbnKpzp4VOktSxIwU=
-14,-24,Bu8tyocGaz0EEShu9ykYYDX+6FU=,JJRs+Kym6QXbnKpzp4VOktSxIwU=
-16,-21,Bu8tyocGaz0EEShu9ykYYDX+6FU=,JJRs+Kym6QXbnKpzp4VOktSxIwU=
-1,-26,Bu8tyocGaz0EEShu9ykYYDX+6FU=,JJRs+Kym6QXbnKpzp4VOktSxIwU=
-10,-32,Bu8tyocGaz0EEShu9ykYYDX+6FU=,JJRs+Kym6QXbnKpzp4VOktSxIwU=
-9,-17,Bu8tyocGaz0EEShu9ykYYDX+6FU=,JJRs+Kym6QXbnKpzp4VOktSxIwU=
-10,-17,Bu8tyocGaz0EEShu9ykYYDX+6FU=,JJRs+Kym6QXbnKpzp4VOktSxIwU=
-16,-22,Bu8tyocGaz0EEShu9ykYYDX+6FU=,JJRs+Kym6QXbnKpzp4VOktSxIwU=
-11,-17,Bu8tyocGaz0EEShu9ykYYDX+6FU=,JJRs+Kym6QXbnKpzp4VOktSxIwU=
-15,-24,Bu8tyocGaz0EEShu9ykYYDX+6FU=,JJRs+Kym6QXbnKpzp4VOktSxIwU=
-11,-32,Bu8tyocGaz0EEShu9ykYYDX+6FU=,JJRs+Kym6QXbnKpzp4VOktSxIwU=
-12,-17,Bu8tyocGaz0EEShu9ykYYDX+6FU=,JJRs+Kym6QXbnKpzp4VOktSxIwU=
-1,-27,Bu8tyocGaz0EEShu9ykYYDX+6FU=,JJRs+Kym6QXbnKpzp4VOktSxIwU=
-9,-18,Bu8tyocGaz0EEShu9ykYYDX+6FU=,JJRs+Kym6QXbnKpzp4VOktSxIwU=
-16,-23,Bu8tyocGaz0EEShu9ykYYDX+6FU=,JJRs+Kym6QXbnKpzp4VOktSxIwU=
-10,-18,Bu8tyocGaz0EEShu9ykYYDX+6FU=,JJRs+Kym6QXbnKpzp4VOktSxIwU=
-12,-32,Bu8tyocGaz0EEShu9ykYYDX+6FU=,JJRs+Kym6QXbnKpzp4VOktSxIwU=
-11,-18,Bu8tyocGaz0EEShu9ykYYDX+6FU=,JJRs+Kym6QXbnKpzp4VOktSxIwU=
-9,-32,Bu8tyocGaz0EEShu9ykYYDX+6FU=,JJRs+Kym6QXbnKpzp4VOktSxIwU=
-12,-18,Bu8tyocGaz0EEShu9ykYYDX+6FU=,JJRs+Kym6QXbnKpzp4VOktSxIwU=
-16,-18,Bu8tyocGaz0EEShu9ykYYDX+6FU=,JJRs+Kym6QXbnKpzp4VOktSxIwU=
-16,-19,Bu8tyocGaz0EEShu9ykYYDX+6FU=,JJRs+Kym6QXbnKpzp4VOktSxIwU=
-1,-28,Bu8tyocGaz0EEShu9ykYYDX+6FU=,JJRs+Kym6QXbnKpzp4VOktSxIwU=
-16,-20,Bu8tyocGaz0EEShu9ykYYDX+6FU=,JJRs+Kym6QXbnKpzp4VOktSxIwU=
-13,-17,Bu8tyocGaz0EEShu9ykYYDX+6FU=,JJRs+Kym6QXbnKpzp4VOktSxIwU=
-14,-17,Bu8tyocGaz0EEShu9ykYYDX+6FU=,JJRs+Kym6QXbnKpzp4VOktSxIwU=
-15,-17,Bu8tyocGaz0EEShu9ykYYDX+6FU=,JJRs+Kym6QXbnKpzp4VOktSxIwU=
-13,-18,Bu8tyocGaz0EEShu9ykYYDX+6FU=,JJRs+Kym6QXbnKpzp4VOktSxIwU=
-9,-19,Bu8tyocGaz0EEShu9ykYYDX+6FU=,JJRs+Kym6QXbnKpzp4VOktSxIwU=
-13,-26,Bu8tyocGaz0EEShu9ykYYDX+6FU=,JJRs+Kym6QXbnKpzp4VOktSxIwU=
-14,-18,Bu8tyocGaz0EEShu9ykYYDX+6FU=,JJRs+Kym6QXbnKpzp4VOktSxIwU=
-13,-25,Bu8tyocGaz0EEShu9ykYYDX+6FU=,JJRs+Kym6QXbnKpzp4VOktSxIwU=
-15,-18,Bu8tyocGaz0EEShu9ykYYDX+6FU=,JJRs+Kym6QXbnKpzp4VOktSxIwU=
-13,-19,Bu8tyocGaz0EEShu9ykYYDX+6FU=,JJRs+Kym6QXbnKpzp4VOktSxIwU=
-14,-19,Bu8tyocGaz0EEShu9ykYYDX+6FU=,JJRs+Kym6QXbnKpzp4VOktSxIwU=
-15,-19,Bu8tyocGaz0EEShu9ykYYDX+6FU=,JJRs+Kym6QXbnKpzp4VOktSxIwU=
-13,-20,Bu8tyocGaz0EEShu9ykYYDX+6FU=,JJRs+Kym6QXbnKpzp4VOktSxIwU=
-14,-20,Bu8tyocGaz0EEShu9ykYYDX+6FU=,JJRs+Kym6QXbnKpzp4VOktSxIwU=
-15,-20,Bu8tyocGaz0EEShu9ykYYDX+6FU=,JJRs+Kym6QXbnKpzp4VOktSxIwU=
-16,-17,Bu8tyocGaz0EEShu9ykYYDX+6FU=,JJRs+Kym6QXbnKpzp4VOktSxIwU=
-2,-25,Bu8tyocGaz0EEShu9ykYYDX+6FU=,JJRs+Kym6QXbnKpzp4VOktSxIwU=
-10,-19,Bu8tyocGaz0EEShu9ykYYDX+6FU=,JJRs+Kym6QXbnKpzp4VOktSxIwU=
-9,-29,Bu8tyocGaz0EEShu9ykYYDX+6FU=,JJRs+Kym6QXbnKpzp4VOktSxIwU=
-11,-19,Bu8tyocGaz0EEShu9ykYYDX+6FU=,JJRs+Kym6QXbnKpzp4VOktSxIwU=
-16,-32,Bu8tyocGaz0EEShu9ykYYDX+6FU=,JJRs+Kym6QXbnKpzp4VOktSxIwU=
-14,-26,Bu8tyocGaz0EEShu9ykYYDX+6FU=,JJRs+Kym6QXbnKpzp4VOktSxIwU=
-2,-32,Bu8tyocGaz0EEShu9ykYYDX+6FU=,JJRs+Kym6QXbnKpzp4VOktSxIwU=
-12,-19,Bu8tyocGaz0EEShu9ykYYDX+6FU=,JJRs+Kym6QXbnKpzp4VOktSxIwU=
-9,-31,Bu8tyocGaz0EEShu9ykYYDX+6FU=,JJRs+Kym6QXbnKpzp4VOktSxIwU=
-10,-31,Bu8tyocGaz0EEShu9ykYYDX+6FU=,JJRs+Kym6QXbnKpzp4VOktSxIwU=
-3,-25,Bu8tyocGaz0EEShu9ykYYDX+6FU=,JJRs+Kym6QXbnKpzp4VOktSxIwU=
-9,-20,Bu8tyocGaz0EEShu9ykYYDX+6FU=,JJRs+Kym6QXbnKpzp4VOktSxIwU=
-12,-31,Bu8tyocGaz0EEShu9ykYYDX+6FU=,JJRs+Kym6QXbnKpzp4VOktSxIwU=
-10,-20,Bu8tyocGaz0EEShu9ykYYDX+6FU=,JJRs+Kym6QXbnKpzp4VOktSxIwU=
-13,-32,Bu8tyocGaz0EEShu9ykYYDX+6FU=,JJRs+Kym6QXbnKpzp4VOktSxIwU=
-11,-20,Bu8tyocGaz0EEShu9ykYYDX+6FU=,JJRs+Kym6QXbnKpzp4VOktSxIwU=
-11,-31,Bu8tyocGaz0EEShu9ykYYDX+6FU=,JJRs+Kym6QXbnKpzp4VOktSxIwU=
-15,-26,Bu8tyocGaz0EEShu9ykYYDX+6FU=,JJRs+Kym6QXbnKpzp4VOktSxIwU=
-12,-20,Bu8tyocGaz0EEShu9ykYYDX+6FU=,JJRs+Kym6QXbnKpzp4VOktSxIwU=
-13,-30,Bu8tyocGaz0EEShu9ykYYDX+6FU=,JJRs+Kym6QXbnKpzp4VOktSxIwU=
-10,-29,Bu8tyocGaz0EEShu9ykYYDX+6FU=,JJRs+Kym6QXbnKpzp4VOktSxIwU=
-14,-30,Bu8tyocGaz0EEShu9ykYYDX+6FU=,JJRs+Kym6QXbnKpzp4VOktSxIwU=
-6,-17,Bu8tyocGaz0EEShu9ykYYDX+6FU=,JJRs+Kym6QXbnKpzp4VOktSxIwU=
-14,-32,Bu8tyocGaz0EEShu9ykYYDX+6FU=,JJRs+Kym6QXbnKpzp4VOktSxIwU=
-4,-25,Bu8tyocGaz0EEShu9ykYYDX+6FU=,JJRs+Kym6QXbnKpzp4VOktSxIwU=
-7,-17,Bu8tyocGaz0EEShu9ykYYDX+6FU=,JJRs+Kym6QXbnKpzp4VOktSxIwU=
-12,-30,Bu8tyocGaz0EEShu9ykYYDX+6FU=,JJRs+Kym6QXbnKpzp4VOktSxIwU=
-8,-17,Bu8tyocGaz0EEShu9ykYYDX+6FU=,JJRs+Kym6QXbnKpzp4VOktSxIwU=
-14,-25,Bu8tyocGaz0EEShu9ykYYDX+6FU=,JJRs+Kym6QXbnKpzp4VOktSxIwU=
-7,-30,Bu8tyocGaz0EEShu9ykYYDX+6FU=,JJRs+Kym6QXbnKpzp4VOktSxIwU=
-8,-19,Bu8tyocGaz0EEShu9ykYYDX+6FU=,JJRs+Kym6QXbnKpzp4VOktSxIwU=
-15,-32,Bu8tyocGaz0EEShu9ykYYDX+6FU=,JJRs+Kym6QXbnKpzp4VOktSxIwU=
-1,-32,Bu8tyocGaz0EEShu9ykYYDX+6FU=,JJRs+Kym6QXbnKpzp4VOktSxIwU=
-8,-20,lF8f2weXR1HyeCV69yI2BchQJ3w=,JJRs+Kym6QXbnKpzp4VOktSxIwU=
-13,-27,lF8f2weXR1HyeCV69yI2BchQJ3w=,JJRs+Kym6QXbnKpzp4VOktSxIwU=
-2,-26,lF8f2weXR1HyeCV69yI2BchQJ3w=,JJRs+Kym6QXbnKpzp4VOktSxIwU=
-8,-18,lF8f2weXR1HyeCV69yI2BchQJ3w=,JJRs+Kym6QXbnKpzp4VOktSxIwU=
-15,-27,lF8f2weXR1HyeCV69yI2BchQJ3w=,JJRs+Kym6QXbnKpzp4VOktSxIwU=
-14,-27,lF8f2weXR1HyeCV69yI2BchQJ3w=,JJRs+Kym6QXbnKpzp4VOktSxIwU=
-13,-28,lF8f2weXR1HyeCV69yI2BchQJ3w=,JJRs+Kym6QXbnKpzp4VOktSxIwU=
-5,-20,lF8f2weXR1HyeCV69yI2BchQJ3w=,JJRs+Kym6QXbnKpzp4VOktSxIwU=
-16,-31,lF8f2weXR1HyeCV69yI2BchQJ3w=,JJRs+Kym6QXbnKpzp4VOktSxIwU=
-6,-20,lF8f2weXR1HyeCV69yI2BchQJ3w=,JJRs+Kym6QXbnKpzp4VOktSxIwU=
-14,-28,lF8f2weXR1HyeCV69yI2BchQJ3w=,JJRs+Kym6QXbnKpzp4VOktSxIwU=
-3,-32,lF8f2weXR1HyeCV69yI2BchQJ3w=,JJRs+Kym6QXbnKpzp4VOktSxIwU=
-5,-19,lF8f2weXR1HyeCV69yI2BchQJ3w=,JJRs+Kym6QXbnKpzp4VOktSxIwU=
-15,-28,lF8f2weXR1HyeCV69yI2BchQJ3w=,JJRs+Kym6QXbnKpzp4VOktSxIwU=
-6,-19,lF8f2weXR1HyeCV69yI2BchQJ3w=,JJRs+Kym6QXbnKpzp4VOktSxIwU=
-7,-19,lF8f2weXR1HyeCV69yI2BchQJ3w=,JJRs+Kym6QXbnKpzp4VOktSxIwU=
-15,-25,lF8f2weXR1HyeCV69yI2BchQJ3w=,JJRs+Kym6QXbnKpzp4VOktSxIwU=
-3,-26,lF8f2weXR1HyeCV69yI2BchQJ3w=,JJRs+Kym6QXbnKpzp4VOktSxIwU=
-16,-30,lF8f2weXR1HyeCV69yI2BchQJ3w=,JJRs+Kym6QXbnKpzp4VOktSxIwU=
-5,-18,lF8f2weXR1HyeCV69yI2BchQJ3w=,JJRs+Kym6QXbnKpzp4VOktSxIwU=
-11,-29,lF8f2weXR1HyeCV69yI2BchQJ3w=,JJRs+Kym6QXbnKpzp4VOktSxIwU=
-6,-18,lF8f2weXR1HyeCV69yI2BchQJ3w=,JJRs+Kym6QXbnKpzp4VOktSxIwU=
-4,-32,lF8f2weXR1HyeCV69yI2BchQJ3w=,JJRs+Kym6QXbnKpzp4VOktSxIwU=
-9,-30,lF8f2weXR1HyeCV69yI2BchQJ3w=,JJRs+Kym6QXbnKpzp4VOktSxIwU=
-12,-29,lF8f2weXR1HyeCV69yI2BchQJ3w=,JJRs+Kym6QXbnKpzp4VOktSxIwU=
-7,-20,lF8f2weXR1HyeCV69yI2BchQJ3w=,JJRs+Kym6QXbnKpzp4VOktSxIwU=
-4,-26,lF8f2weXR1HyeCV69yI2BchQJ3w=,JJRs+Kym6QXbnKpzp4VOktSxIwU=
-7,-18,lF8f2weXR1HyeCV69yI2BchQJ3w=,JJRs+Kym6QXbnKpzp4VOktSxIwU=
-5,-17,lF8f2weXR1HyeCV69yI2BchQJ3w=,JJRs+Kym6QXbnKpzp4VOktSxIwU=
-16,-29,lF8f2weXR1HyeCV69yI2BchQJ3w=,JJRs+Kym6QXbnKpzp4VOktSxIwU=
-10,-30,lF8f2weXR1HyeCV69yI2BchQJ3w=,JJRs+Kym6QXbnKpzp4VOktSxIwU=
-1,-20,lF8f2weXR1HyeCV69yI2BchQJ3w=,JJRs+Kym6QXbnKpzp4VOktSxIwU=
-4,-17,lF8f2weXR1HyeCV69yI2BchQJ3w=,JJRs+Kym6QXbnKpzp4VOktSxIwU=
-2,-19,lF8f2weXR1HyeCV69yI2BchQJ3w=,JJRs+Kym6QXbnKpzp4VOktSxIwU=
-1,-25,lF8f2weXR1HyeCV69yI2BchQJ3w=,JJRs+Kym6QXbnKpzp4VOktSxIwU=
-11,-30,lF8f2weXR1HyeCV69yI2BchQJ3w=,JJRs+Kym6QXbnKpzp4VOktSxIwU=
-3,-17,lF8f2weXR1HyeCV69yI2BchQJ3w=,JJRs+Kym6QXbnKpzp4VOktSxIwU=
-3,-20,lF8f2weXR1HyeCV69yI2BchQJ3w=,JJRs+Kym6QXbnKpzp4VOktSxIwU=
-2,-17,lF8f2weXR1HyeCV69yI2BchQJ3w=,JJRs+Kym6QXbnKpzp4VOktSxIwU=
-2,-20,lF8f2weXR1HyeCV69yI2BchQJ3w=,JJRs+Kym6QXbnKpzp4VOktSxIwU=
-13,-29,lF8f2weXR1HyeCV69yI2BchQJ3w=,JJRs+Kym6QXbnKpzp4VOktSxIwU=
-5,-32,lF8f2weXR1HyeCV69yI2BchQJ3w=,JJRs+Kym6QXbnKpzp4VOktSxIwU=
-4,-20,lF8f2weXR1HyeCV69yI2BchQJ3w=,JJRs+Kym6QXbnKpzp4VOktSxIwU=
-15,-30,lF8f2weXR1HyeCV69yI2BchQJ3w=,JJRs+Kym6QXbnKpzp4VOktSxIwU=
-3,-28,lF8f2weXR1HyeCV69yI2BchQJ3w=,JJRs+Kym6QXbnKpzp4VOktSxIwU=
-2,-28,lF8f2weXR1HyeCV69yI2BchQJ3w=,JJRs+Kym6QXbnKpzp4VOktSxIwU=
-2,-27,lF8f2weXR1HyeCV69yI2BchQJ3w=,JJRs+Kym6QXbnKpzp4VOktSxIwU=
-4,-28,lF8f2weXR1HyeCV69yI2BchQJ3w=,JJRs+Kym6QXbnKpzp4VOktSxIwU=
-13,-31,lF8f2weXR1HyeCV69yI2BchQJ3w=,JJRs+Kym6QXbnKpzp4VOktSxIwU=
-1,-21,lF8f2weXR1HyeCV69yI2BchQJ3w=,JJRs+Kym6QXbnKpzp4VOktSxIwU=
-14,-29,lF8f2weXR1HyeCV69yI2BchQJ3w=,JJRs+Kym6QXbnKpzp4VOktSxIwU=
-3,-27,lF8f2weXR1HyeCV69yI2BchQJ3w=,JJRs+Kym6QXbnKpzp4VOktSxIwU=
-14,-31,lF8f2weXR1HyeCV69yI2BchQJ3w=,JJRs+Kym6QXbnKpzp4VOktSxIwU=
-1,-22,lF8f2weXR1HyeCV69yI2BchQJ3w=,JJRs+Kym6QXbnKpzp4VOktSxIwU=
-4,-21,lF8f2weXR1HyeCV69yI2BchQJ3w=,JJRs+Kym6QXbnKpzp4VOktSxIwU=
-6,-32,lF8f2weXR1HyeCV69yI2BchQJ3w=,JJRs+Kym6QXbnKpzp4VOktSxIwU=
-4,-27,lF8f2weXR1HyeCV69yI2BchQJ3w=,JJRs+Kym6QXbnKpzp4VOktSxIwU=
-15,-29,lF8f2weXR1HyeCV69yI2BchQJ3w=,JJRs+Kym6QXbnKpzp4VOktSxIwU=
-3,-21,lF8f2weXR1HyeCV69yI2BchQJ3w=,JJRs+Kym6QXbnKpzp4VOktSxIwU=
-6,-30,lF8f2weXR1HyeCV69yI2BchQJ3w=,JJRs+Kym6QXbnKpzp4VOktSxIwU=
-2,-22,lF8f2weXR1HyeCV69yI2BchQJ3w=,JJRs+Kym6QXbnKpzp4VOktSxIwU=
-1,-17,lF8f2weXR1HyeCV69yI2BchQJ3w=,JJRs+Kym6QXbnKpzp4VOktSxIwU=
-5,-30,lF8f2weXR1HyeCV69yI2BchQJ3w=,JJRs+Kym6QXbnKpzp4VOktSxIwU=
-7,-32,lF8f2weXR1HyeCV69yI2BchQJ3w=,JJRs+Kym6QXbnKpzp4VOktSxIwU=
-1,-18,lF8f2weXR1HyeCV69yI2BchQJ3w=,JJRs+Kym6QXbnKpzp4VOktSxIwU=
-2,-21,lF8f2weXR1HyeCV69yI2BchQJ3w=,JJRs+Kym6QXbnKpzp4VOktSxIwU=
-1,-19,lF8f2weXR1HyeCV69yI2BchQJ3w=,JJRs+Kym6QXbnKpzp4VOktSxIwU=
-3,-19,lF8f2weXR1HyeCV69yI2BchQJ3w=,JJRs+Kym6QXbnKpzp4VOktSxIwU=
-4,-19,lF8f2weXR1HyeCV69yI2BchQJ3w=,JJRs+Kym6QXbnKpzp4VOktSxIwU=
-2,-18,lF8f2weXR1HyeCV69yI2BchQJ3w=,JJRs+Kym6QXbnKpzp4VOktSxIwU=
-15,-31,lF8f2weXR1HyeCV69yI2BchQJ3w=,JJRs+Kym6QXbnKpzp4VOktSxIwU=
-3,-18,lF8f2weXR1HyeCV69yI2BchQJ3w=,JJRs+Kym6QXbnKpzp4VOktSxIwU=
-1,-23,lF8f2weXR1HyeCV69yI2BchQJ3w=,JJRs+Kym6QXbnKpzp4VOktSxIwU=
-4,-18,lF8f2weXR1HyeCV69yI2BchQJ3w=,JJRs+Kym6QXbnKpzp4VOktSxIwU=
-1,-24,lF8f2weXR1HyeCV69yI2BchQJ3w=,JJRs+Kym6QXbnKpzp4VOktSxIwU=
-3,-23,lF8f2weXR1HyeCV69yI2BchQJ3w=,JJRs+Kym6QXbnKpzp4VOktSxIwU=
-4,-23,lF8f2weXR1HyeCV69yI2BchQJ3w=,JJRs+Kym6QXbnKpzp4VOktSxIwU=
-8,-32,lF8f2weXR1HyeCV69yI2BchQJ3w=,JJRs+Kym6QXbnKpzp4VOktSxIwU=
-4,-22,lF8f2weXR1HyeCV69yI2BchQJ3w=,JJRs+Kym6QXbnKpzp4VOktSxIwU=
-3,-22,lF8f2weXR1HyeCV69yI2BchQJ3w=,JJRs+Kym6QXbnKpzp4VOktSxIwU=
-2,-24,lF8f2weXR1HyeCV69yI2BchQJ3w=,JJRs+Kym6QXbnKpzp4VOktSxIwU=
-3,-24,lF8f2weXR1HyeCV69yI2BchQJ3w=,JJRs+Kym6QXbnKpzp4VOktSxIwU=
-4,-24,lF8f2weXR1HyeCV69yI2BchQJ3w=,JJRs+Kym6QXbnKpzp4VOktSxIwU=
-2,-23,lF8f2weXR1HyeCV69yI2BchQJ3w=,JJRs+Kym6QXbnKpzp4VOktSxIwU=
-3,-30,lF8f2weXR1HyeCV69yI2BchQJ3w=,JJRs+Kym6QXbnKpzp4VOktSxIwU=
-4,-30,lF8f2weXR1HyeCV69yI2BchQJ3w=,JJRs+Kym6QXbnKpzp4VOktSxIwU=
-7,-29,lF8f2weXR1HyeCV69yI2BchQJ3w=,JJRs+Kym6QXbnKpzp4VOktSxIwU=
-2,-30,lF8f2weXR1HyeCV69yI2BchQJ3w=,JJRs+Kym6QXbnKpzp4VOktSxIwU=
-7,-31,lF8f2weXR1HyeCV69yI2BchQJ3w=,JJRs+Kym6QXbnKpzp4VOktSxIwU=
-6,-29,lF8f2weXR1HyeCV69yI2BchQJ3w=,JJRs+Kym6QXbnKpzp4VOktSxIwU=
-5,-29,lF8f2weXR1HyeCV69yI2BchQJ3w=,JJRs+Kym6QXbnKpzp4VOktSxIwU=
-4,-29,lF8f2weXR1HyeCV69yI2BchQJ3w=,JJRs+Kym6QXbnKpzp4VOktSxIwU=
-2,-29,lF8f2weXR1HyeCV69yI2BchQJ3w=,JJRs+Kym6QXbnKpzp4VOktSxIwU=
-5,-31,lF8f2weXR1HyeCV69yI2BchQJ3w=,JJRs+Kym6QXbnKpzp4VOktSxIwU=
-6,-31,lF8f2weXR1HyeCV69yI2BchQJ3w=,JJRs+Kym6QXbnKpzp4VOktSxIwU=
-1,-31,lF8f2weXR1HyeCV69yI2BchQJ3w=,JJRs+Kym6QXbnKpzp4VOktSxIwU=
-4,-31,lF8f2weXR1HyeCV69yI2BchQJ3w=,JJRs+Kym6QXbnKpzp4VOktSxIwU=
-3,-29,lF8f2weXR1HyeCV69yI2BchQJ3w=,JJRs+Kym6QXbnKpzp4VOktSxIwU=
-8,-29,lF8f2weXR1HyeCV69yI2BchQJ3w=,JJRs+Kym6QXbnKpzp4VOktSxIwU=
-8,-30,lF8f2weXR1HyeCV69yI2BchQJ3w=,JJRs+Kym6QXbnKpzp4VOktSxIwU=
-2,-31,lF8f2weXR1HyeCV69yI2BchQJ3w=,JJRs+Kym6QXbnKpzp4VOktSxIwU=
-8,-31,lF8f2weXR1HyeCV69yI2BchQJ3w=,JJRs+Kym6QXbnKpzp4VOktSxIwU=
-3,-31,lF8f2weXR1HyeCV69yI2BchQJ3w=,JJRs+Kym6QXbnKpzp4VOktSxIwU=
-1,-30,lF8f2weXR1HyeCV69yI2BchQJ3w=,JJRs+Kym6QXbnKpzp4VOktSxIwU=
-1,-29,lF8f2weXR1HyeCV69yI2BchQJ3w=,JJRs+Kym6QXbnKpzp4VOktSxIwU=
-22,-28,+n8+hzVqSsepTMJK2EI1IuAA4hw=,JJRs+Kym6QXbnKpzp4VOktSxIwU=
-21,-28,+n8+hzVqSsepTMJK2EI1IuAA4hw=,JJRs+Kym6QXbnKpzp4VOktSxIwU=
-24,-23,+n8+hzVqSsepTMJK2EI1IuAA4hw=,JJRs+Kym6QXbnKpzp4VOktSxIwU=
-23,-28,+n8+hzVqSsepTMJK2EI1IuAA4hw=,JJRs+Kym6QXbnKpzp4VOktSxIwU=
-27,-21,+n8+hzVqSsepTMJK2EI1IuAA4hw=,JJRs+Kym6QXbnKpzp4VOktSxIwU=
-25,-21,+n8+hzVqSsepTMJK2EI1IuAA4hw=,JJRs+Kym6QXbnKpzp4VOktSxIwU=
-22,-27,+n8+hzVqSsepTMJK2EI1IuAA4hw=,JJRs+Kym6QXbnKpzp4VOktSxIwU=
-28,-21,+n8+hzVqSsepTMJK2EI1IuAA4hw=,JJRs+Kym6QXbnKpzp4VOktSxIwU=
-22,-26,+n8+hzVqSsepTMJK2EI1IuAA4hw=,JJRs+Kym6QXbnKpzp4VOktSxIwU=
-23,-27,+n8+hzVqSsepTMJK2EI1IuAA4hw=,JJRs+Kym6QXbnKpzp4VOktSxIwU=
-21,-27,+n8+hzVqSsepTMJK2EI1IuAA4hw=,JJRs+Kym6QXbnKpzp4VOktSxIwU=
-25,-22,+n8+hzVqSsepTMJK2EI1IuAA4hw=,JJRs+Kym6QXbnKpzp4VOktSxIwU=
-23,-26,+n8+hzVqSsepTMJK2EI1IuAA4hw=,JJRs+Kym6QXbnKpzp4VOktSxIwU=
-26,-21,+n8+hzVqSsepTMJK2EI1IuAA4hw=,JJRs+Kym6QXbnKpzp4VOktSxIwU=
-21,-23,+n8+hzVqSsepTMJK2EI1IuAA4hw=,JJRs+Kym6QXbnKpzp4VOktSxIwU=
-21,-24,+n8+hzVqSsepTMJK2EI1IuAA4hw=,JJRs+Kym6QXbnKpzp4VOktSxIwU=
-21,-21,+n8+hzVqSsepTMJK2EI1IuAA4hw=,JJRs+Kym6QXbnKpzp4VOktSxIwU=
-22,-21,+n8+hzVqSsepTMJK2EI1IuAA4hw=,JJRs+Kym6QXbnKpzp4VOktSxIwU=
-22,-24,+n8+hzVqSsepTMJK2EI1IuAA4hw=,JJRs+Kym6QXbnKpzp4VOktSxIwU=
-24,-22,+n8+hzVqSsepTMJK2EI1IuAA4hw=,JJRs+Kym6QXbnKpzp4VOktSxIwU=
-21,-25,+n8+hzVqSsepTMJK2EI1IuAA4hw=,JJRs+Kym6QXbnKpzp4VOktSxIwU=
-23,-21,+n8+hzVqSsepTMJK2EI1IuAA4hw=,JJRs+Kym6QXbnKpzp4VOktSxIwU=
-22,-23,+n8+hzVqSsepTMJK2EI1IuAA4hw=,JJRs+Kym6QXbnKpzp4VOktSxIwU=
-21,-26,+n8+hzVqSsepTMJK2EI1IuAA4hw=,JJRs+Kym6QXbnKpzp4VOktSxIwU=
-22,-25,+n8+hzVqSsepTMJK2EI1IuAA4hw=,JJRs+Kym6QXbnKpzp4VOktSxIwU=
-23,-25,+n8+hzVqSsepTMJK2EI1IuAA4hw=,JJRs+Kym6QXbnKpzp4VOktSxIwU=
-22,-22,+n8+hzVqSsepTMJK2EI1IuAA4hw=,JJRs+Kym6QXbnKpzp4VOktSxIwU=
-26,-22,+n8+hzVqSsepTMJK2EI1IuAA4hw=,JJRs+Kym6QXbnKpzp4VOktSxIwU=
-23,-22,+n8+hzVqSsepTMJK2EI1IuAA4hw=,JJRs+Kym6QXbnKpzp4VOktSxIwU=
-28,-28,+n8+hzVqSsepTMJK2EI1IuAA4hw=,JJRs+Kym6QXbnKpzp4VOktSxIwU=
-23,-24,+n8+hzVqSsepTMJK2EI1IuAA4hw=,JJRs+Kym6QXbnKpzp4VOktSxIwU=
-27,-28,+n8+hzVqSsepTMJK2EI1IuAA4hw=,JJRs+Kym6QXbnKpzp4VOktSxIwU=
-24,-28,+n8+hzVqSsepTMJK2EI1IuAA4hw=,JJRs+Kym6QXbnKpzp4VOktSxIwU=
-26,-28,+n8+hzVqSsepTMJK2EI1IuAA4hw=,JJRs+Kym6QXbnKpzp4VOktSxIwU=
-25,-28,+n8+hzVqSsepTMJK2EI1IuAA4hw=,JJRs+Kym6QXbnKpzp4VOktSxIwU=
-21,-22,+n8+hzVqSsepTMJK2EI1IuAA4hw=,JJRs+Kym6QXbnKpzp4VOktSxIwU=
-23,-23,+n8+hzVqSsepTMJK2EI1IuAA4hw=,JJRs+Kym6QXbnKpzp4VOktSxIwU=
-27,-27,+n8+hzVqSsepTMJK2EI1IuAA4hw=,JJRs+Kym6QXbnKpzp4VOktSxIwU=
-28,-27,+n8+hzVqSsepTMJK2EI1IuAA4hw=,JJRs+Kym6QXbnKpzp4VOktSxIwU=
-26,-27,+n8+hzVqSsepTMJK2EI1IuAA4hw=,JJRs+Kym6QXbnKpzp4VOktSxIwU=
-25,-27,+n8+hzVqSsepTMJK2EI1IuAA4hw=,JJRs+Kym6QXbnKpzp4VOktSxIwU=
-28,-26,+n8+hzVqSsepTMJK2EI1IuAA4hw=,JJRs+Kym6QXbnKpzp4VOktSxIwU=
-25,-26,+n8+hzVqSsepTMJK2EI1IuAA4hw=,JJRs+Kym6QXbnKpzp4VOktSxIwU=
-26,-26,+n8+hzVqSsepTMJK2EI1IuAA4hw=,JJRs+Kym6QXbnKpzp4VOktSxIwU=
-27,-26,+n8+hzVqSsepTMJK2EI1IuAA4hw=,JJRs+Kym6QXbnKpzp4VOktSxIwU=
-24,-27,+n8+hzVqSsepTMJK2EI1IuAA4hw=,JJRs+Kym6QXbnKpzp4VOktSxIwU=
-24,-26,+n8+hzVqSsepTMJK2EI1IuAA4hw=,JJRs+Kym6QXbnKpzp4VOktSxIwU=
-25,-24,+n8+hzVqSsepTMJK2EI1IuAA4hw=,JJRs+Kym6QXbnKpzp4VOktSxIwU=
-28,-24,+n8+hzVqSsepTMJK2EI1IuAA4hw=,JJRs+Kym6QXbnKpzp4VOktSxIwU=
-27,-22,+n8+hzVqSsepTMJK2EI1IuAA4hw=,JJRs+Kym6QXbnKpzp4VOktSxIwU=
-27,-23,+n8+hzVqSsepTMJK2EI1IuAA4hw=,JJRs+Kym6QXbnKpzp4VOktSxIwU=
-26,-24,+n8+hzVqSsepTMJK2EI1IuAA4hw=,JJRs+Kym6QXbnKpzp4VOktSxIwU=
-26,-23,+n8+hzVqSsepTMJK2EI1IuAA4hw=,JJRs+Kym6QXbnKpzp4VOktSxIwU=
-24,-25,+n8+hzVqSsepTMJK2EI1IuAA4hw=,JJRs+Kym6QXbnKpzp4VOktSxIwU=
-28,-23,+n8+hzVqSsepTMJK2EI1IuAA4hw=,JJRs+Kym6QXbnKpzp4VOktSxIwU=
-25,-25,+n8+hzVqSsepTMJK2EI1IuAA4hw=,JJRs+Kym6QXbnKpzp4VOktSxIwU=
-25,-23,+n8+hzVqSsepTMJK2EI1IuAA4hw=,JJRs+Kym6QXbnKpzp4VOktSxIwU=
-26,-25,+n8+hzVqSsepTMJK2EI1IuAA4hw=,JJRs+Kym6QXbnKpzp4VOktSxIwU=
-24,-24,+n8+hzVqSsepTMJK2EI1IuAA4hw=,JJRs+Kym6QXbnKpzp4VOktSxIwU=
-24,-21,+n8+hzVqSsepTMJK2EI1IuAA4hw=,JJRs+Kym6QXbnKpzp4VOktSxIwU=
-28,-22,+n8+hzVqSsepTMJK2EI1IuAA4hw=,JJRs+Kym6QXbnKpzp4VOktSxIwU=
-27,-25,+n8+hzVqSsepTMJK2EI1IuAA4hw=,JJRs+Kym6QXbnKpzp4VOktSxIwU=
-28,-25,+n8+hzVqSsepTMJK2EI1IuAA4hw=,JJRs+Kym6QXbnKpzp4VOktSxIwU=
-27,-24,+n8+hzVqSsepTMJK2EI1IuAA4hw=,JJRs+Kym6QXbnKpzp4VOktSxIwU=
-31,-28,+n8+hzVqSsepTMJK2EI1IuAA4hw=,JJRs+Kym6QXbnKpzp4VOktSxIwU=
-29,-28,+n8+hzVqSsepTMJK2EI1IuAA4hw=,JJRs+Kym6QXbnKpzp4VOktSxIwU=
-31,-27,+n8+hzVqSsepTMJK2EI1IuAA4hw=,JJRs+Kym6QXbnKpzp4VOktSxIwU=
-30,-27,+n8+hzVqSsepTMJK2EI1IuAA4hw=,JJRs+Kym6QXbnKpzp4VOktSxIwU=
-29,-27,+n8+hzVqSsepTMJK2EI1IuAA4hw=,JJRs+Kym6QXbnKpzp4VOktSxIwU=
-31,-26,+n8+hzVqSsepTMJK2EI1IuAA4hw=,JJRs+Kym6QXbnKpzp4VOktSxIwU=
-30,-28,+n8+hzVqSsepTMJK2EI1IuAA4hw=,JJRs+Kym6QXbnKpzp4VOktSxIwU=
-30,-26,+n8+hzVqSsepTMJK2EI1IuAA4hw=,JJRs+Kym6QXbnKpzp4VOktSxIwU=
-29,-26,+n8+hzVqSsepTMJK2EI1IuAA4hw=,JJRs+Kym6QXbnKpzp4VOktSxIwU=
-32,-24,+n8+hzVqSsepTMJK2EI1IuAA4hw=,JJRs+Kym6QXbnKpzp4VOktSxIwU=
-32,-25,+n8+hzVqSsepTMJK2EI1IuAA4hw=,JJRs+Kym6QXbnKpzp4VOktSxIwU=
-31,-23,+n8+hzVqSsepTMJK2EI1IuAA4hw=,JJRs+Kym6QXbnKpzp4VOktSxIwU=
-30,-23,+n8+hzVqSsepTMJK2EI1IuAA4hw=,JJRs+Kym6QXbnKpzp4VOktSxIwU=
-29,-23,+n8+hzVqSsepTMJK2EI1IuAA4hw=,JJRs+Kym6QXbnKpzp4VOktSxIwU=
-30,-24,+n8+hzVqSsepTMJK2EI1IuAA4hw=,JJRs+Kym6QXbnKpzp4VOktSxIwU=
-31,-22,+n8+hzVqSsepTMJK2EI1IuAA4hw=,JJRs+Kym6QXbnKpzp4VOktSxIwU=
-31,-24,+n8+hzVqSsepTMJK2EI1IuAA4hw=,JJRs+Kym6QXbnKpzp4VOktSxIwU=
-29,-25,+n8+hzVqSsepTMJK2EI1IuAA4hw=,JJRs+Kym6QXbnKpzp4VOktSxIwU=
-30,-25,+n8+hzVqSsepTMJK2EI1IuAA4hw=,JJRs+Kym6QXbnKpzp4VOktSxIwU=
-31,-25,+n8+hzVqSsepTMJK2EI1IuAA4hw=,JJRs+Kym6QXbnKpzp4VOktSxIwU=
-30,-22,+n8+hzVqSsepTMJK2EI1IuAA4hw=,JJRs+Kym6QXbnKpzp4VOktSxIwU=
-29,-24,+n8+hzVqSsepTMJK2EI1IuAA4hw=,JJRs+Kym6QXbnKpzp4VOktSxIwU=
-32,-23,+n8+hzVqSsepTMJK2EI1IuAA4hw=,JJRs+Kym6QXbnKpzp4VOktSxIwU=
-29,-21,+n8+hzVqSsepTMJK2EI1IuAA4hw=,JJRs+Kym6QXbnKpzp4VOktSxIwU=
-32,-28,+n8+hzVqSsepTMJK2EI1IuAA4hw=,JJRs+Kym6QXbnKpzp4VOktSxIwU=
-30,-21,+n8+hzVqSsepTMJK2EI1IuAA4hw=,JJRs+Kym6QXbnKpzp4VOktSxIwU=
-31,-21,+n8+hzVqSsepTMJK2EI1IuAA4hw=,JJRs+Kym6QXbnKpzp4VOktSxIwU=
-32,-27,+n8+hzVqSsepTMJK2EI1IuAA4hw=,JJRs+Kym6QXbnKpzp4VOktSxIwU=
-32,-22,+n8+hzVqSsepTMJK2EI1IuAA4hw=,JJRs+Kym6QXbnKpzp4VOktSxIwU=
-32,-26,+n8+hzVqSsepTMJK2EI1IuAA4hw=,JJRs+Kym6QXbnKpzp4VOktSxIwU=
-29,-22,+n8+hzVqSsepTMJK2EI1IuAA4hw=,JJRs+Kym6QXbnKpzp4VOktSxIwU=
-32,-21,+n8+hzVqSsepTMJK2EI1IuAA4hw=,JJRs+Kym6QXbnKpzp4VOktSxIwU=
-24,-17,LeEMRaZ751eL86CID6yOBgj9ET4=,JJRs+Kym6QXbnKpzp4VOktSxIwU=
-23,-19,LeEMRaZ751eL86CID6yOBgj9ET4=,JJRs+Kym6QXbnKpzp4VOktSxIwU=
-22,-19,LeEMRaZ751eL86CID6yOBgj9ET4=,JJRs+Kym6QXbnKpzp4VOktSxIwU=
-21,-19,LeEMRaZ751eL86CID6yOBgj9ET4=,JJRs+Kym6QXbnKpzp4VOktSxIwU=
-21,-20,LeEMRaZ751eL86CID6yOBgj9ET4=,JJRs+Kym6QXbnKpzp4VOktSxIwU=
-21,-17,LeEMRaZ751eL86CID6yOBgj9ET4=,JJRs+Kym6QXbnKpzp4VOktSxIwU=
-22,-20,LeEMRaZ751eL86CID6yOBgj9ET4=,JJRs+Kym6QXbnKpzp4VOktSxIwU=
-23,-20,LeEMRaZ751eL86CID6yOBgj9ET4=,JJRs+Kym6QXbnKpzp4VOktSxIwU=
-22,-18,LeEMRaZ751eL86CID6yOBgj9ET4=,JJRs+Kym6QXbnKpzp4VOktSxIwU=
-22,-17,LeEMRaZ751eL86CID6yOBgj9ET4=,JJRs+Kym6QXbnKpzp4VOktSxIwU=
-23,-18,LeEMRaZ751eL86CID6yOBgj9ET4=,JJRs+Kym6QXbnKpzp4VOktSxIwU=
-24,-20,LeEMRaZ751eL86CID6yOBgj9ET4=,JJRs+Kym6QXbnKpzp4VOktSxIwU=
-24,-19,LeEMRaZ751eL86CID6yOBgj9ET4=,JJRs+Kym6QXbnKpzp4VOktSxIwU=
-24,-18,LeEMRaZ751eL86CID6yOBgj9ET4=,JJRs+Kym6QXbnKpzp4VOktSxIwU=
-23,-17,LeEMRaZ751eL86CID6yOBgj9ET4=,JJRs+Kym6QXbnKpzp4VOktSxIwU=
-21,-18,LeEMRaZ751eL86CID6yOBgj9ET4=,JJRs+Kym6QXbnKpzp4VOktSxIwU=
-32,-17,LeEMRaZ751eL86CID6yOBgj9ET4=,JJRs+Kym6QXbnKpzp4VOktSxIwU=
-25,-18,LeEMRaZ751eL86CID6yOBgj9ET4=,JJRs+Kym6QXbnKpzp4VOktSxIwU=
-28,-18,LeEMRaZ751eL86CID6yOBgj9ET4=,JJRs+Kym6QXbnKpzp4VOktSxIwU=
-30,-18,LeEMRaZ751eL86CID6yOBgj9ET4=,JJRs+Kym6QXbnKpzp4VOktSxIwU=
-26,-18,LeEMRaZ751eL86CID6yOBgj9ET4=,JJRs+Kym6QXbnKpzp4VOktSxIwU=
-29,-18,LeEMRaZ751eL86CID6yOBgj9ET4=,JJRs+Kym6QXbnKpzp4VOktSxIwU=
-31,-18,LeEMRaZ751eL86CID6yOBgj9ET4=,JJRs+Kym6QXbnKpzp4VOktSxIwU=
-26,-19,LeEMRaZ751eL86CID6yOBgj9ET4=,JJRs+Kym6QXbnKpzp4VOktSxIwU=
-25,-19,LeEMRaZ751eL86CID6yOBgj9ET4=,JJRs+Kym6QXbnKpzp4VOktSxIwU=
-27,-19,LeEMRaZ751eL86CID6yOBgj9ET4=,JJRs+Kym6QXbnKpzp4VOktSxIwU=
-31,-17,LeEMRaZ751eL86CID6yOBgj9ET4=,JJRs+Kym6QXbnKpzp4VOktSxIwU=
-28,-19,LeEMRaZ751eL86CID6yOBgj9ET4=,JJRs+Kym6QXbnKpzp4VOktSxIwU=
-29,-19,LeEMRaZ751eL86CID6yOBgj9ET4=,JJRs+Kym6QXbnKpzp4VOktSxIwU=
-27,-18,LeEMRaZ751eL86CID6yOBgj9ET4=,JJRs+Kym6QXbnKpzp4VOktSxIwU=
-30,-19,LeEMRaZ751eL86CID6yOBgj9ET4=,JJRs+Kym6QXbnKpzp4VOktSxIwU=
-25,-20,LeEMRaZ751eL86CID6yOBgj9ET4=,JJRs+Kym6QXbnKpzp4VOktSxIwU=
-31,-19,LeEMRaZ751eL86CID6yOBgj9ET4=,JJRs+Kym6QXbnKpzp4VOktSxIwU=
-26,-20,LeEMRaZ751eL86CID6yOBgj9ET4=,JJRs+Kym6QXbnKpzp4VOktSxIwU=
-27,-20,LeEMRaZ751eL86CID6yOBgj9ET4=,JJRs+Kym6QXbnKpzp4VOktSxIwU=
-28,-20,LeEMRaZ751eL86CID6yOBgj9ET4=,JJRs+Kym6QXbnKpzp4VOktSxIwU=
-32,-20,LeEMRaZ751eL86CID6yOBgj9ET4=,JJRs+Kym6QXbnKpzp4VOktSxIwU=
-32,-19,LeEMRaZ751eL86CID6yOBgj9ET4=,JJRs+Kym6QXbnKpzp4VOktSxIwU=
-32,-18,LeEMRaZ751eL86CID6yOBgj9ET4=,JJRs+Kym6QXbnKpzp4VOktSxIwU=
-28,-17,LeEMRaZ751eL86CID6yOBgj9ET4=,JJRs+Kym6QXbnKpzp4VOktSxIwU=
-31,-20,LeEMRaZ751eL86CID6yOBgj9ET4=,JJRs+Kym6QXbnKpzp4VOktSxIwU=
-30,-20,LeEMRaZ751eL86CID6yOBgj9ET4=,JJRs+Kym6QXbnKpzp4VOktSxIwU=
-29,-20,LeEMRaZ751eL86CID6yOBgj9ET4=,JJRs+Kym6QXbnKpzp4VOktSxIwU=
-27,-17,LeEMRaZ751eL86CID6yOBgj9ET4=,JJRs+Kym6QXbnKpzp4VOktSxIwU=
-30,-17,LeEMRaZ751eL86CID6yOBgj9ET4=,JJRs+Kym6QXbnKpzp4VOktSxIwU=
-26,-17,LeEMRaZ751eL86CID6yOBgj9ET4=,JJRs+Kym6QXbnKpzp4VOktSxIwU=
-29,-17,LeEMRaZ751eL86CID6yOBgj9ET4=,JJRs+Kym6QXbnKpzp4VOktSxIwU=
-25,-17,LeEMRaZ751eL86CID6yOBgj9ET4=,JJRs+Kym6QXbnKpzp4VOktSxIwU=
-28,-32,LeEMRaZ751eL86CID6yOBgj9ET4=,JJRs+Kym6QXbnKpzp4VOktSxIwU=
-28,-29,LeEMRaZ751eL86CID6yOBgj9ET4=,JJRs+Kym6QXbnKpzp4VOktSxIwU=
-26,-30,LeEMRaZ751eL86CID6yOBgj9ET4=,JJRs+Kym6QXbnKpzp4VOktSxIwU=
-25,-30,LeEMRaZ751eL86CID6yOBgj9ET4=,JJRs+Kym6QXbnKpzp4VOktSxIwU=
-28,-30,LeEMRaZ751eL86CID6yOBgj9ET4=,JJRs+Kym6QXbnKpzp4VOktSxIwU=
-24,-32,LeEMRaZ751eL86CID6yOBgj9ET4=,JJRs+Kym6QXbnKpzp4VOktSxIwU=
-26,-29,LeEMRaZ751eL86CID6yOBgj9ET4=,JJRs+Kym6QXbnKpzp4VOktSxIwU=
-27,-29,LeEMRaZ751eL86CID6yOBgj9ET4=,JJRs+Kym6QXbnKpzp4VOktSxIwU=
-27,-30,LeEMRaZ751eL86CID6yOBgj9ET4=,JJRs+Kym6QXbnKpzp4VOktSxIwU=
-25,-29,LeEMRaZ751eL86CID6yOBgj9ET4=,JJRs+Kym6QXbnKpzp4VOktSxIwU=
-25,-31,LeEMRaZ751eL86CID6yOBgj9ET4=,JJRs+Kym6QXbnKpzp4VOktSxIwU=
-26,-31,LeEMRaZ751eL86CID6yOBgj9ET4=,JJRs+Kym6QXbnKpzp4VOktSxIwU=
-23,-30,LeEMRaZ751eL86CID6yOBgj9ET4=,JJRs+Kym6QXbnKpzp4VOktSxIwU=
-21,-32,LeEMRaZ751eL86CID6yOBgj9ET4=,JJRs+Kym6QXbnKpzp4VOktSxIwU=
-26,-32,LeEMRaZ751eL86CID6yOBgj9ET4=,JJRs+Kym6QXbnKpzp4VOktSxIwU=
-25,-32,LeEMRaZ751eL86CID6yOBgj9ET4=,JJRs+Kym6QXbnKpzp4VOktSxIwU=
-27,-32,LeEMRaZ751eL86CID6yOBgj9ET4=,JJRs+Kym6QXbnKpzp4VOktSxIwU=
-28,-31,LeEMRaZ751eL86CID6yOBgj9ET4=,JJRs+Kym6QXbnKpzp4VOktSxIwU=
-27,-31,LeEMRaZ751eL86CID6yOBgj9ET4=,JJRs+Kym6QXbnKpzp4VOktSxIwU=
-22,-32,LeEMRaZ751eL86CID6yOBgj9ET4=,JJRs+Kym6QXbnKpzp4VOktSxIwU=
-22,-30,LeEMRaZ751eL86CID6yOBgj9ET4=,JJRs+Kym6QXbnKpzp4VOktSxIwU=
-21,-30,LeEMRaZ751eL86CID6yOBgj9ET4=,JJRs+Kym6QXbnKpzp4VOktSxIwU=
-23,-29,LeEMRaZ751eL86CID6yOBgj9ET4=,JJRs+Kym6QXbnKpzp4VOktSxIwU=
-21,-29,LeEMRaZ751eL86CID6yOBgj9ET4=,JJRs+Kym6QXbnKpzp4VOktSxIwU=
-22,-31,LeEMRaZ751eL86CID6yOBgj9ET4=,JJRs+Kym6QXbnKpzp4VOktSxIwU=
-21,-31,LeEMRaZ751eL86CID6yOBgj9ET4=,JJRs+Kym6QXbnKpzp4VOktSxIwU=
-23,-31,LeEMRaZ751eL86CID6yOBgj9ET4=,JJRs+Kym6QXbnKpzp4VOktSxIwU=
-22,-29,LeEMRaZ751eL86CID6yOBgj9ET4=,JJRs+Kym6QXbnKpzp4VOktSxIwU=
-23,-32,LeEMRaZ751eL86CID6yOBgj9ET4=,JJRs+Kym6QXbnKpzp4VOktSxIwU=
-24,-30,LeEMRaZ751eL86CID6yOBgj9ET4=,JJRs+Kym6QXbnKpzp4VOktSxIwU=
-24,-31,LeEMRaZ751eL86CID6yOBgj9ET4=,JJRs+Kym6QXbnKpzp4VOktSxIwU=
-24,-29,LeEMRaZ751eL86CID6yOBgj9ET4=,JJRs+Kym6QXbnKpzp4VOktSxIwU=
-31,-32,LeEMRaZ751eL86CID6yOBgj9ET4=,JJRs+Kym6QXbnKpzp4VOktSxIwU=
-32,-32,LeEMRaZ751eL86CID6yOBgj9ET4=,JJRs+Kym6QXbnKpzp4VOktSxIwU=
-30,-32,LeEMRaZ751eL86CID6yOBgj9ET4=,JJRs+Kym6QXbnKpzp4VOktSxIwU=
-31,-29,LeEMRaZ751eL86CID6yOBgj9ET4=,JJRs+Kym6QXbnKpzp4VOktSxIwU=
-29,-32,LeEMRaZ751eL86CID6yOBgj9ET4=,JJRs+Kym6QXbnKpzp4VOktSxIwU=
-32,-31,LeEMRaZ751eL86CID6yOBgj9ET4=,JJRs+Kym6QXbnKpzp4VOktSxIwU=
-17,-24,LeEMRaZ751eL86CID6yOBgj9ET4=,JJRs+Kym6QXbnKpzp4VOktSxIwU=
-32,-30,LeEMRaZ751eL86CID6yOBgj9ET4=,JJRs+Kym6QXbnKpzp4VOktSxIwU=
-32,-29,LeEMRaZ751eL86CID6yOBgj9ET4=,JJRs+Kym6QXbnKpzp4VOktSxIwU=
-17,-21,WidEfcpadUAP2gxQMAuCFseT1x0=,JJRs+Kym6QXbnKpzp4VOktSxIwU=
-29,-31,WidEfcpadUAP2gxQMAuCFseT1x0=,JJRs+Kym6QXbnKpzp4VOktSxIwU=
-30,-31,WidEfcpadUAP2gxQMAuCFseT1x0=,JJRs+Kym6QXbnKpzp4VOktSxIwU=
-29,-29,WidEfcpadUAP2gxQMAuCFseT1x0=,JJRs+Kym6QXbnKpzp4VOktSxIwU=
-30,-29,WidEfcpadUAP2gxQMAuCFseT1x0=,JJRs+Kym6QXbnKpzp4VOktSxIwU=
-31,-31,WidEfcpadUAP2gxQMAuCFseT1x0=,JJRs+Kym6QXbnKpzp4VOktSxIwU=
-17,-22,WidEfcpadUAP2gxQMAuCFseT1x0=,JJRs+Kym6QXbnKpzp4VOktSxIwU=
-31,-30,WidEfcpadUAP2gxQMAuCFseT1x0=,JJRs+Kym6QXbnKpzp4VOktSxIwU=
-30,-30,WidEfcpadUAP2gxQMAuCFseT1x0=,JJRs+Kym6QXbnKpzp4VOktSxIwU=
-17,-23,WidEfcpadUAP2gxQMAuCFseT1x0=,JJRs+Kym6QXbnKpzp4VOktSxIwU=
-17,-20,WidEfcpadUAP2gxQMAuCFseT1x0=,JJRs+Kym6QXbnKpzp4VOktSxIwU=
-29,-30,WidEfcpadUAP2gxQMAuCFseT1x0=,JJRs+Kym6QXbnKpzp4VOktSxIwU=
-17,-19,WidEfcpadUAP2gxQMAuCFseT1x0=,JJRs+Kym6QXbnKpzp4VOktSxIwU=
-17,-31,WidEfcpadUAP2gxQMAuCFseT1x0=,JJRs+Kym6QXbnKpzp4VOktSxIwU=
-18,-24,WidEfcpadUAP2gxQMAuCFseT1x0=,JJRs+Kym6QXbnKpzp4VOktSxIwU=
-17,-18,WidEfcpadUAP2gxQMAuCFseT1x0=,JJRs+Kym6QXbnKpzp4VOktSxIwU=
-18,-17,WidEfcpadUAP2gxQMAuCFseT1x0=,JJRs+Kym6QXbnKpzp4VOktSxIwU=
-20,-23,WidEfcpadUAP2gxQMAuCFseT1x0=,JJRs+Kym6QXbnKpzp4VOktSxIwU=
-19,-17,WidEfcpadUAP2gxQMAuCFseT1x0=,JJRs+Kym6QXbnKpzp4VOktSxIwU=
-17,-17,WidEfcpadUAP2gxQMAuCFseT1x0=,JJRs+Kym6QXbnKpzp4VOktSxIwU=
-18,-23,WidEfcpadUAP2gxQMAuCFseT1x0=,JJRs+Kym6QXbnKpzp4VOktSxIwU=
-20,-17,WidEfcpadUAP2gxQMAuCFseT1x0=,JJRs+Kym6QXbnKpzp4VOktSxIwU=
-18,-19,WidEfcpadUAP2gxQMAuCFseT1x0=,JJRs+Kym6QXbnKpzp4VOktSxIwU=
-19,-18,WidEfcpadUAP2gxQMAuCFseT1x0=,JJRs+Kym6QXbnKpzp4VOktSxIwU=
-19,-19,WidEfcpadUAP2gxQMAuCFseT1x0=,JJRs+Kym6QXbnKpzp4VOktSxIwU=
-18,-18,WidEfcpadUAP2gxQMAuCFseT1x0=,JJRs+Kym6QXbnKpzp4VOktSxIwU=
-17,-32,WidEfcpadUAP2gxQMAuCFseT1x0=,JJRs+Kym6QXbnKpzp4VOktSxIwU=
-17,-25,WidEfcpadUAP2gxQMAuCFseT1x0=,JJRs+Kym6QXbnKpzp4VOktSxIwU=
-20,-19,WidEfcpadUAP2gxQMAuCFseT1x0=,JJRs+Kym6QXbnKpzp4VOktSxIwU=
-17,-26,WidEfcpadUAP2gxQMAuCFseT1x0=,JJRs+Kym6QXbnKpzp4VOktSxIwU=
-20,-18,WidEfcpadUAP2gxQMAuCFseT1x0=,JJRs+Kym6QXbnKpzp4VOktSxIwU=
-20,-20,WidEfcpadUAP2gxQMAuCFseT1x0=,JJRs+Kym6QXbnKpzp4VOktSxIwU=
-19,-20,WidEfcpadUAP2gxQMAuCFseT1x0=,JJRs+Kym6QXbnKpzp4VOktSxIwU=
-20,-22,WidEfcpadUAP2gxQMAuCFseT1x0=,JJRs+Kym6QXbnKpzp4VOktSxIwU=
-18,-20,WidEfcpadUAP2gxQMAuCFseT1x0=,JJRs+Kym6QXbnKpzp4VOktSxIwU=
-17,-27,WidEfcpadUAP2gxQMAuCFseT1x0=,JJRs+Kym6QXbnKpzp4VOktSxIwU=
-18,-21,WidEfcpadUAP2gxQMAuCFseT1x0=,JJRs+Kym6QXbnKpzp4VOktSxIwU=
-19,-23,WidEfcpadUAP2gxQMAuCFseT1x0=,JJRs+Kym6QXbnKpzp4VOktSxIwU=
-19,-21,WidEfcpadUAP2gxQMAuCFseT1x0=,JJRs+Kym6QXbnKpzp4VOktSxIwU=
-18,-22,WidEfcpadUAP2gxQMAuCFseT1x0=,JJRs+Kym6QXbnKpzp4VOktSxIwU=
-20,-21,WidEfcpadUAP2gxQMAuCFseT1x0=,JJRs+Kym6QXbnKpzp4VOktSxIwU=
-20,-24,WidEfcpadUAP2gxQMAuCFseT1x0=,JJRs+Kym6QXbnKpzp4VOktSxIwU=
-20,-30,WidEfcpadUAP2gxQMAuCFseT1x0=,JJRs+Kym6QXbnKpzp4VOktSxIwU=
-19,-22,WidEfcpadUAP2gxQMAuCFseT1x0=,JJRs+Kym6QXbnKpzp4VOktSxIwU=
-19,-24,WidEfcpadUAP2gxQMAuCFseT1x0=,JJRs+Kym6QXbnKpzp4VOktSxIwU=
-17,-28,WidEfcpadUAP2gxQMAuCFseT1x0=,JJRs+Kym6QXbnKpzp4VOktSxIwU=
-17,-29,WidEfcpadUAP2gxQMAuCFseT1x0=,JJRs+Kym6QXbnKpzp4VOktSxIwU=
-19,-30,WidEfcpadUAP2gxQMAuCFseT1x0=,JJRs+Kym6QXbnKpzp4VOktSxIwU=
-18,-30,WidEfcpadUAP2gxQMAuCFseT1x0=,JJRs+Kym6QXbnKpzp4VOktSxIwU=
-20,-29,WidEfcpadUAP2gxQMAuCFseT1x0=,JJRs+Kym6QXbnKpzp4VOktSxIwU=
-20,-28,WidEfcpadUAP2gxQMAuCFseT1x0=,JJRs+Kym6QXbnKpzp4VOktSxIwU=
-19,-29,WidEfcpadUAP2gxQMAuCFseT1x0=,JJRs+Kym6QXbnKpzp4VOktSxIwU=
-18,-29,WidEfcpadUAP2gxQMAuCFseT1x0=,JJRs+Kym6QXbnKpzp4VOktSxIwU=
-18,-28,WidEfcpadUAP2gxQMAuCFseT1x0=,JJRs+Kym6QXbnKpzp4VOktSxIwU=
-17,-30,WidEfcpadUAP2gxQMAuCFseT1x0=,JJRs+Kym6QXbnKpzp4VOktSxIwU=
-20,-27,WidEfcpadUAP2gxQMAuCFseT1x0=,JJRs+Kym6QXbnKpzp4VOktSxIwU=
-19,-27,WidEfcpadUAP2gxQMAuCFseT1x0=,JJRs+Kym6QXbnKpzp4VOktSxIwU=
-19,-26,WidEfcpadUAP2gxQMAuCFseT1x0=,JJRs+Kym6QXbnKpzp4VOktSxIwU=
-18,-27,WidEfcpadUAP2gxQMAuCFseT1x0=,JJRs+Kym6QXbnKpzp4VOktSxIwU=
-20,-26,WidEfcpadUAP2gxQMAuCFseT1x0=,JJRs+Kym6QXbnKpzp4VOktSxIwU=
-18,-26,WidEfcpadUAP2gxQMAuCFseT1x0=,JJRs+Kym6QXbnKpzp4VOktSxIwU=
-19,-28,WidEfcpadUAP2gxQMAuCFseT1x0=,JJRs+Kym6QXbnKpzp4VOktSxIwU=
-18,-32,WidEfcpadUAP2gxQMAuCFseT1x0=,JJRs+Kym6QXbnKpzp4VOktSxIwU=
-19,-31,WidEfcpadUAP2gxQMAuCFseT1x0=,JJRs+Kym6QXbnKpzp4VOktSxIwU=
-18,-31,WidEfcpadUAP2gxQMAuCFseT1x0=,JJRs+Kym6QXbnKpzp4VOktSxIwU=
-18,-25,WidEfcpadUAP2gxQMAuCFseT1x0=,JJRs+Kym6QXbnKpzp4VOktSxIwU=
-20,-31,WidEfcpadUAP2gxQMAuCFseT1x0=,JJRs+Kym6QXbnKpzp4VOktSxIwU=
-19,-32,WidEfcpadUAP2gxQMAuCFseT1x0=,JJRs+Kym6QXbnKpzp4VOktSxIwU=
-20,-32,WidEfcpadUAP2gxQMAuCFseT1x0=,JJRs+Kym6QXbnKpzp4VOktSxIwU=
-20,-25,WidEfcpadUAP2gxQMAuCFseT1x0=,JJRs+Kym6QXbnKpzp4VOktSxIwU=
-19,-25,WidEfcpadUAP2gxQMAuCFseT1x0=,JJRs+Kym6QXbnKpzp4VOktSxIwU=
-21,-9,lBZ3jCvtqr+d3gHJ+lufG5Auy4M=,JJRs+Kym6QXbnKpzp4VOktSxIwU=
-22,-9,lBZ3jCvtqr+d3gHJ+lufG5Auy4M=,JJRs+Kym6QXbnKpzp4VOktSxIwU=
-23,-9,lBZ3jCvtqr+d3gHJ+lufG5Auy4M=,JJRs+Kym6QXbnKpzp4VOktSxIwU=
-24,-10,lBZ3jCvtqr+d3gHJ+lufG5Auy4M=,JJRs+Kym6QXbnKpzp4VOktSxIwU=
-24,-11,lBZ3jCvtqr+d3gHJ+lufG5Auy4M=,JJRs+Kym6QXbnKpzp4VOktSxIwU=
-24,-12,lBZ3jCvtqr+d3gHJ+lufG5Auy4M=,JJRs+Kym6QXbnKpzp4VOktSxIwU=
-21,-10,lBZ3jCvtqr+d3gHJ+lufG5Auy4M=,JJRs+Kym6QXbnKpzp4VOktSxIwU=
-22,-10,lBZ3jCvtqr+d3gHJ+lufG5Auy4M=,JJRs+Kym6QXbnKpzp4VOktSxIwU=
-25,-12,lBZ3jCvtqr+d3gHJ+lufG5Auy4M=,JJRs+Kym6QXbnKpzp4VOktSxIwU=
-25,-10,lBZ3jCvtqr+d3gHJ+lufG5Auy4M=,JJRs+Kym6QXbnKpzp4VOktSxIwU=
-23,-10,lBZ3jCvtqr+d3gHJ+lufG5Auy4M=,JJRs+Kym6QXbnKpzp4VOktSxIwU=
-21,-11,lBZ3jCvtqr+d3gHJ+lufG5Auy4M=,JJRs+Kym6QXbnKpzp4VOktSxIwU=
-28,-12,lBZ3jCvtqr+d3gHJ+lufG5Auy4M=,JJRs+Kym6QXbnKpzp4VOktSxIwU=
-26,-12,lBZ3jCvtqr+d3gHJ+lufG5Auy4M=,JJRs+Kym6QXbnKpzp4VOktSxIwU=
-22,-11,lBZ3jCvtqr+d3gHJ+lufG5Auy4M=,JJRs+Kym6QXbnKpzp4VOktSxIwU=
-27,-11,lBZ3jCvtqr+d3gHJ+lufG5Auy4M=,JJRs+Kym6QXbnKpzp4VOktSxIwU=
-23,-11,lBZ3jCvtqr+d3gHJ+lufG5Auy4M=,JJRs+Kym6QXbnKpzp4VOktSxIwU=
-27,-12,lBZ3jCvtqr+d3gHJ+lufG5Auy4M=,JJRs+Kym6QXbnKpzp4VOktSxIwU=
-21,-12,lBZ3jCvtqr+d3gHJ+lufG5Auy4M=,JJRs+Kym6QXbnKpzp4VOktSxIwU=
-22,-12,lBZ3jCvtqr+d3gHJ+lufG5Auy4M=,JJRs+Kym6QXbnKpzp4VOktSxIwU=
-23,-12,lBZ3jCvtqr+d3gHJ+lufG5Auy4M=,JJRs+Kym6QXbnKpzp4VOktSxIwU=
-28,-11,lBZ3jCvtqr+d3gHJ+lufG5Auy4M=,JJRs+Kym6QXbnKpzp4VOktSxIwU=
-26,-11,lBZ3jCvtqr+d3gHJ+lufG5Auy4M=,JJRs+Kym6QXbnKpzp4VOktSxIwU=
-24,-7,lBZ3jCvtqr+d3gHJ+lufG5Auy4M=,JJRs+Kym6QXbnKpzp4VOktSxIwU=
-24,-9,lBZ3jCvtqr+d3gHJ+lufG5Auy4M=,JJRs+Kym6QXbnKpzp4VOktSxIwU=
-28,-10,lBZ3jCvtqr+d3gHJ+lufG5Auy4M=,JJRs+Kym6QXbnKpzp4VOktSxIwU=
-27,-10,lBZ3jCvtqr+d3gHJ+lufG5Auy4M=,JJRs+Kym6QXbnKpzp4VOktSxIwU=
-26,-10,lBZ3jCvtqr+d3gHJ+lufG5Auy4M=,JJRs+Kym6QXbnKpzp4VOktSxIwU=
-27,-8,lBZ3jCvtqr+d3gHJ+lufG5Auy4M=,JJRs+Kym6QXbnKpzp4VOktSxIwU=
-25,-11,lBZ3jCvtqr+d3gHJ+lufG5Auy4M=,JJRs+Kym6QXbnKpzp4VOktSxIwU=
-28,-8,lBZ3jCvtqr+d3gHJ+lufG5Auy4M=,JJRs+Kym6QXbnKpzp4VOktSxIwU=
-24,-8,lBZ3jCvtqr+d3gHJ+lufG5Auy4M=,JJRs+Kym6QXbnKpzp4VOktSxIwU=
-25,-9,lBZ3jCvtqr+d3gHJ+lufG5Auy4M=,JJRs+Kym6QXbnKpzp4VOktSxIwU=
-27,-9,lBZ3jCvtqr+d3gHJ+lufG5Auy4M=,JJRs+Kym6QXbnKpzp4VOktSxIwU=
-28,-9,lBZ3jCvtqr+d3gHJ+lufG5Auy4M=,JJRs+Kym6QXbnKpzp4VOktSxIwU=
-24,-6,lBZ3jCvtqr+d3gHJ+lufG5Auy4M=,JJRs+Kym6QXbnKpzp4VOktSxIwU=
-25,-5,lBZ3jCvtqr+d3gHJ+lufG5Auy4M=,JJRs+Kym6QXbnKpzp4VOktSxIwU=
-26,-8,lBZ3jCvtqr+d3gHJ+lufG5Auy4M=,JJRs+Kym6QXbnKpzp4VOktSxIwU=
-26,-5,lBZ3jCvtqr+d3gHJ+lufG5Auy4M=,JJRs+Kym6QXbnKpzp4VOktSxIwU=
-27,-5,lBZ3jCvtqr+d3gHJ+lufG5Auy4M=,JJRs+Kym6QXbnKpzp4VOktSxIwU=
-28,-5,lBZ3jCvtqr+d3gHJ+lufG5Auy4M=,JJRs+Kym6QXbnKpzp4VOktSxIwU=
-25,-6,lBZ3jCvtqr+d3gHJ+lufG5Auy4M=,JJRs+Kym6QXbnKpzp4VOktSxIwU=
-26,-6,lBZ3jCvtqr+d3gHJ+lufG5Auy4M=,JJRs+Kym6QXbnKpzp4VOktSxIwU=
-27,-6,lBZ3jCvtqr+d3gHJ+lufG5Auy4M=,JJRs+Kym6QXbnKpzp4VOktSxIwU=
-25,-8,lBZ3jCvtqr+d3gHJ+lufG5Auy4M=,JJRs+Kym6QXbnKpzp4VOktSxIwU=
-24,-5,lBZ3jCvtqr+d3gHJ+lufG5Auy4M=,JJRs+Kym6QXbnKpzp4VOktSxIwU=
-25,-7,lBZ3jCvtqr+d3gHJ+lufG5Auy4M=,JJRs+Kym6QXbnKpzp4VOktSxIwU=
-22,-7,lBZ3jCvtqr+d3gHJ+lufG5Auy4M=,JJRs+Kym6QXbnKpzp4VOktSxIwU=
-23,-8,lBZ3jCvtqr+d3gHJ+lufG5Auy4M=,JJRs+Kym6QXbnKpzp4VOktSxIwU=
-23,-7,lBZ3jCvtqr+d3gHJ+lufG5Auy4M=,JJRs+Kym6QXbnKpzp4VOktSxIwU=
-23,-5,lBZ3jCvtqr+d3gHJ+lufG5Auy4M=,JJRs+Kym6QXbnKpzp4VOktSxIwU=
-28,-6,lBZ3jCvtqr+d3gHJ+lufG5Auy4M=,JJRs+Kym6QXbnKpzp4VOktSxIwU=
-21,-8,lBZ3jCvtqr+d3gHJ+lufG5Auy4M=,JJRs+Kym6QXbnKpzp4VOktSxIwU=
-21,-5,lBZ3jCvtqr+d3gHJ+lufG5Auy4M=,JJRs+Kym6QXbnKpzp4VOktSxIwU=
-22,-8,lBZ3jCvtqr+d3gHJ+lufG5Auy4M=,JJRs+Kym6QXbnKpzp4VOktSxIwU=
-21,-7,lBZ3jCvtqr+d3gHJ+lufG5Auy4M=,JJRs+Kym6QXbnKpzp4VOktSxIwU=
-21,-6,lBZ3jCvtqr+d3gHJ+lufG5Auy4M=,JJRs+Kym6QXbnKpzp4VOktSxIwU=
-22,-6,lBZ3jCvtqr+d3gHJ+lufG5Auy4M=,JJRs+Kym6QXbnKpzp4VOktSxIwU=
-23,-6,lBZ3jCvtqr+d3gHJ+lufG5Auy4M=,JJRs+Kym6QXbnKpzp4VOktSxIwU=
-22,-5,lBZ3jCvtqr+d3gHJ+lufG5Auy4M=,JJRs+Kym6QXbnKpzp4VOktSxIwU=
-26,-9,lBZ3jCvtqr+d3gHJ+lufG5Auy4M=,JJRs+Kym6QXbnKpzp4VOktSxIwU=
-26,-7,lBZ3jCvtqr+d3gHJ+lufG5Auy4M=,JJRs+Kym6QXbnKpzp4VOktSxIwU=
-27,-7,lBZ3jCvtqr+d3gHJ+lufG5Auy4M=,JJRs+Kym6QXbnKpzp4VOktSxIwU=
-28,-7,lBZ3jCvtqr+d3gHJ+lufG5Auy4M=,JJRs+Kym6QXbnKpzp4VOktSxIwU=
-32,-9,lBZ3jCvtqr+d3gHJ+lufG5Auy4M=,JJRs+Kym6QXbnKpzp4VOktSxIwU=
-32,-8,lBZ3jCvtqr+d3gHJ+lufG5Auy4M=,JJRs+Kym6QXbnKpzp4VOktSxIwU=
-30,-11,lBZ3jCvtqr+d3gHJ+lufG5Auy4M=,JJRs+Kym6QXbnKpzp4VOktSxIwU=
-31,-11,lBZ3jCvtqr+d3gHJ+lufG5Auy4M=,JJRs+Kym6QXbnKpzp4VOktSxIwU=
-29,-12,lBZ3jCvtqr+d3gHJ+lufG5Auy4M=,JJRs+Kym6QXbnKpzp4VOktSxIwU=
-31,-12,lBZ3jCvtqr+d3gHJ+lufG5Auy4M=,JJRs+Kym6QXbnKpzp4VOktSxIwU=
-32,-5,lBZ3jCvtqr+d3gHJ+lufG5Auy4M=,JJRs+Kym6QXbnKpzp4VOktSxIwU=
-32,-10,lBZ3jCvtqr+d3gHJ+lufG5Auy4M=,JJRs+Kym6QXbnKpzp4VOktSxIwU=
-30,-12,lBZ3jCvtqr+d3gHJ+lufG5Auy4M=,JJRs+Kym6QXbnKpzp4VOktSxIwU=
-31,-10,lBZ3jCvtqr+d3gHJ+lufG5Auy4M=,JJRs+Kym6QXbnKpzp4VOktSxIwU=
-32,-11,lBZ3jCvtqr+d3gHJ+lufG5Auy4M=,JJRs+Kym6QXbnKpzp4VOktSxIwU=
-29,-10,lBZ3jCvtqr+d3gHJ+lufG5Auy4M=,JJRs+Kym6QXbnKpzp4VOktSxIwU=
-30,-10,lBZ3jCvtqr+d3gHJ+lufG5Auy4M=,JJRs+Kym6QXbnKpzp4VOktSxIwU=
-30,-7,lBZ3jCvtqr+d3gHJ+lufG5Auy4M=,JJRs+Kym6QXbnKpzp4VOktSxIwU=
-31,-7,lBZ3jCvtqr+d3gHJ+lufG5Auy4M=,JJRs+Kym6QXbnKpzp4VOktSxIwU=
-29,-11,lBZ3jCvtqr+d3gHJ+lufG5Auy4M=,JJRs+Kym6QXbnKpzp4VOktSxIwU=
-29,-9,lBZ3jCvtqr+d3gHJ+lufG5Auy4M=,JJRs+Kym6QXbnKpzp4VOktSxIwU=
-32,-6,lBZ3jCvtqr+d3gHJ+lufG5Auy4M=,JJRs+Kym6QXbnKpzp4VOktSxIwU=
-30,-9,lBZ3jCvtqr+d3gHJ+lufG5Auy4M=,JJRs+Kym6QXbnKpzp4VOktSxIwU=
-31,-8,lBZ3jCvtqr+d3gHJ+lufG5Auy4M=,JJRs+Kym6QXbnKpzp4VOktSxIwU=
-30,-8,lBZ3jCvtqr+d3gHJ+lufG5Auy4M=,JJRs+Kym6QXbnKpzp4VOktSxIwU=
-32,-12,lBZ3jCvtqr+d3gHJ+lufG5Auy4M=,JJRs+Kym6QXbnKpzp4VOktSxIwU=
-31,-9,lBZ3jCvtqr+d3gHJ+lufG5Auy4M=,JJRs+Kym6QXbnKpzp4VOktSxIwU=
-29,-5,lBZ3jCvtqr+d3gHJ+lufG5Auy4M=,JJRs+Kym6QXbnKpzp4VOktSxIwU=
-30,-5,lBZ3jCvtqr+d3gHJ+lufG5Auy4M=,JJRs+Kym6QXbnKpzp4VOktSxIwU=
-29,-8,lBZ3jCvtqr+d3gHJ+lufG5Auy4M=,JJRs+Kym6QXbnKpzp4VOktSxIwU=
-32,-7,lBZ3jCvtqr+d3gHJ+lufG5Auy4M=,JJRs+Kym6QXbnKpzp4VOktSxIwU=
-30,-6,lBZ3jCvtqr+d3gHJ+lufG5Auy4M=,JJRs+Kym6QXbnKpzp4VOktSxIwU=
-29,-6,lBZ3jCvtqr+d3gHJ+lufG5Auy4M=,JJRs+Kym6QXbnKpzp4VOktSxIwU=
-31,-6,lBZ3jCvtqr+d3gHJ+lufG5Auy4M=,JJRs+Kym6QXbnKpzp4VOktSxIwU=
-29,-7,lBZ3jCvtqr+d3gHJ+lufG5Auy4M=,JJRs+Kym6QXbnKpzp4VOktSxIwU=
-31,-5,lBZ3jCvtqr+d3gHJ+lufG5Auy4M=,JJRs+Kym6QXbnKpzp4VOktSxIwU=
-32,-1,zToU9t+CvJA2Y/S4cB9K9qugBW4=,JJRs+Kym6QXbnKpzp4VOktSxIwU=
-31,-1,zToU9t+CvJA2Y/S4cB9K9qugBW4=,JJRs+Kym6QXbnKpzp4VOktSxIwU=
-17,-10,zToU9t+CvJA2Y/S4cB9K9qugBW4=,JJRs+Kym6QXbnKpzp4VOktSxIwU=
-17,-11,zToU9t+CvJA2Y/S4cB9K9qugBW4=,JJRs+Kym6QXbnKpzp4VOktSxIwU=
-17,-12,zToU9t+CvJA2Y/S4cB9K9qugBW4=,JJRs+Kym6QXbnKpzp4VOktSxIwU=
-20,-9,zToU9t+CvJA2Y/S4cB9K9qugBW4=,JJRs+Kym6QXbnKpzp4VOktSxIwU=
-19,-9,zToU9t+CvJA2Y/S4cB9K9qugBW4=,JJRs+Kym6QXbnKpzp4VOktSxIwU=
-18,-9,zToU9t+CvJA2Y/S4cB9K9qugBW4=,JJRs+Kym6QXbnKpzp4VOktSxIwU=
-30,-1,zToU9t+CvJA2Y/S4cB9K9qugBW4=,JJRs+Kym6QXbnKpzp4VOktSxIwU=
-18,-10,zToU9t+CvJA2Y/S4cB9K9qugBW4=,JJRs+Kym6QXbnKpzp4VOktSxIwU=
-19,-10,zToU9t+CvJA2Y/S4cB9K9qugBW4=,JJRs+Kym6QXbnKpzp4VOktSxIwU=
-20,-10,zToU9t+CvJA2Y/S4cB9K9qugBW4=,JJRs+Kym6QXbnKpzp4VOktSxIwU=
-18,-11,zToU9t+CvJA2Y/S4cB9K9qugBW4=,JJRs+Kym6QXbnKpzp4VOktSxIwU=
-19,-11,zToU9t+CvJA2Y/S4cB9K9qugBW4=,JJRs+Kym6QXbnKpzp4VOktSxIwU=
-20,-11,zToU9t+CvJA2Y/S4cB9K9qugBW4=,JJRs+Kym6QXbnKpzp4VOktSxIwU=
-18,-12,zToU9t+CvJA2Y/S4cB9K9qugBW4=,JJRs+Kym6QXbnKpzp4VOktSxIwU=
-19,-12,zToU9t+CvJA2Y/S4cB9K9qugBW4=,JJRs+Kym6QXbnKpzp4VOktSxIwU=
-20,-12,zToU9t+CvJA2Y/S4cB9K9qugBW4=,JJRs+Kym6QXbnKpzp4VOktSxIwU=
-29,-1,zToU9t+CvJA2Y/S4cB9K9qugBW4=,JJRs+Kym6QXbnKpzp4VOktSxIwU=
-20,-8,zToU9t+CvJA2Y/S4cB9K9qugBW4=,JJRs+Kym6QXbnKpzp4VOktSxIwU=
-17,-6,zToU9t+CvJA2Y/S4cB9K9qugBW4=,JJRs+Kym6QXbnKpzp4VOktSxIwU=
-17,-7,zToU9t+CvJA2Y/S4cB9K9qugBW4=,JJRs+Kym6QXbnKpzp4VOktSxIwU=
-20,-6,zToU9t+CvJA2Y/S4cB9K9qugBW4=,JJRs+Kym6QXbnKpzp4VOktSxIwU=
-18,-5,zToU9t+CvJA2Y/S4cB9K9qugBW4=,JJRs+Kym6QXbnKpzp4VOktSxIwU=
-17,-5,zToU9t+CvJA2Y/S4cB9K9qugBW4=,JJRs+Kym6QXbnKpzp4VOktSxIwU=
-17,-9,zToU9t+CvJA2Y/S4cB9K9qugBW4=,JJRs+Kym6QXbnKpzp4VOktSxIwU=
-19,-5,zToU9t+CvJA2Y/S4cB9K9qugBW4=,JJRs+Kym6QXbnKpzp4VOktSxIwU=
-17,-8,zToU9t+CvJA2Y/S4cB9K9qugBW4=,JJRs+Kym6QXbnKpzp4VOktSxIwU=
-20,-7,zToU9t+CvJA2Y/S4cB9K9qugBW4=,JJRs+Kym6QXbnKpzp4VOktSxIwU=
-32,-3,zToU9t+CvJA2Y/S4cB9K9qugBW4=,JJRs+Kym6QXbnKpzp4VOktSxIwU=
-19,-6,zToU9t+CvJA2Y/S4cB9K9qugBW4=,JJRs+Kym6QXbnKpzp4VOktSxIwU=
-19,-7,zToU9t+CvJA2Y/S4cB9K9qugBW4=,JJRs+Kym6QXbnKpzp4VOktSxIwU=
-18,-7,zToU9t+CvJA2Y/S4cB9K9qugBW4=,JJRs+Kym6QXbnKpzp4VOktSxIwU=
-20,-5,zToU9t+CvJA2Y/S4cB9K9qugBW4=,JJRs+Kym6QXbnKpzp4VOktSxIwU=
-18,-6,zToU9t+CvJA2Y/S4cB9K9qugBW4=,JJRs+Kym6QXbnKpzp4VOktSxIwU=
-18,-8,zToU9t+CvJA2Y/S4cB9K9qugBW4=,JJRs+Kym6QXbnKpzp4VOktSxIwU=
-19,-8,zToU9t+CvJA2Y/S4cB9K9qugBW4=,JJRs+Kym6QXbnKpzp4VOktSxIwU=
-32,-2,zToU9t+CvJA2Y/S4cB9K9qugBW4=,JJRs+Kym6QXbnKpzp4VOktSxIwU=
-29,-2,zToU9t+CvJA2Y/S4cB9K9qugBW4=,JJRs+Kym6QXbnKpzp4VOktSxIwU=
-30,-2,zToU9t+CvJA2Y/S4cB9K9qugBW4=,JJRs+Kym6QXbnKpzp4VOktSxIwU=
-32,-4,zToU9t+CvJA2Y/S4cB9K9qugBW4=,JJRs+Kym6QXbnKpzp4VOktSxIwU=
-31,-2,zToU9t+CvJA2Y/S4cB9K9qugBW4=,JJRs+Kym6QXbnKpzp4VOktSxIwU=
-30,-3,zToU9t+CvJA2Y/S4cB9K9qugBW4=,JJRs+Kym6QXbnKpzp4VOktSxIwU=
-31,-4,zToU9t+CvJA2Y/S4cB9K9qugBW4=,JJRs+Kym6QXbnKpzp4VOktSxIwU=
-29,-3,zToU9t+CvJA2Y/S4cB9K9qugBW4=,JJRs+Kym6QXbnKpzp4VOktSxIwU=
-30,-4,zToU9t+CvJA2Y/S4cB9K9qugBW4=,JJRs+Kym6QXbnKpzp4VOktSxIwU=
-25,-1,zToU9t+CvJA2Y/S4cB9K9qugBW4=,JJRs+Kym6QXbnKpzp4VOktSxIwU=
-29,-4,zToU9t+CvJA2Y/S4cB9K9qugBW4=,JJRs+Kym6QXbnKpzp4VOktSxIwU=
-26,-1,zToU9t+CvJA2Y/S4cB9K9qugBW4=,JJRs+Kym6QXbnKpzp4VOktSxIwU=
-27,-1,zToU9t+CvJA2Y/S4cB9K9qugBW4=,JJRs+Kym6QXbnKpzp4VOktSxIwU=
-31,-3,zToU9t+CvJA2Y/S4cB9K9qugBW4=,JJRs+Kym6QXbnKpzp4VOktSxIwU=
-28,-1,zToU9t+CvJA2Y/S4cB9K9qugBW4=,JJRs+Kym6QXbnKpzp4VOktSxIwU=
-28,-4,zToU9t+CvJA2Y/S4cB9K9qugBW4=,JJRs+Kym6QXbnKpzp4VOktSxIwU=
-17,-15,UcgdMTn4VR93/gGG6FLRQjz87m4=,JJRs+Kym6QXbnKpzp4VOktSxIwU=
-17,-16,UcgdMTn4VR93/gGG6FLRQjz87m4=,JJRs+Kym6QXbnKpzp4VOktSxIwU=
-17,-13,UcgdMTn4VR93/gGG6FLRQjz87m4=,JJRs+Kym6QXbnKpzp4VOktSxIwU=
-27,-4,UcgdMTn4VR93/gGG6FLRQjz87m4=,JJRs+Kym6QXbnKpzp4VOktSxIwU=
-17,-14,UcgdMTn4VR93/gGG6FLRQjz87m4=,JJRs+Kym6QXbnKpzp4VOktSxIwU=
-18,-15,UcgdMTn4VR93/gGG6FLRQjz87m4=,JJRs+Kym6QXbnKpzp4VOktSxIwU=
-19,-15,UcgdMTn4VR93/gGG6FLRQjz87m4=,JJRs+Kym6QXbnKpzp4VOktSxIwU=
-20,-15,UcgdMTn4VR93/gGG6FLRQjz87m4=,JJRs+Kym6QXbnKpzp4VOktSxIwU=
-18,-13,UcgdMTn4VR93/gGG6FLRQjz87m4=,JJRs+Kym6QXbnKpzp4VOktSxIwU=
-19,-13,UcgdMTn4VR93/gGG6FLRQjz87m4=,JJRs+Kym6QXbnKpzp4VOktSxIwU=
-20,-13,UcgdMTn4VR93/gGG6FLRQjz87m4=,JJRs+Kym6QXbnKpzp4VOktSxIwU=
-18,-14,UcgdMTn4VR93/gGG6FLRQjz87m4=,JJRs+Kym6QXbnKpzp4VOktSxIwU=
-19,-14,UcgdMTn4VR93/gGG6FLRQjz87m4=,JJRs+Kym6QXbnKpzp4VOktSxIwU=
-20,-14,UcgdMTn4VR93/gGG6FLRQjz87m4=,JJRs+Kym6QXbnKpzp4VOktSxIwU=
-20,-16,UcgdMTn4VR93/gGG6FLRQjz87m4=,JJRs+Kym6QXbnKpzp4VOktSxIwU=
-19,-16,UcgdMTn4VR93/gGG6FLRQjz87m4=,JJRs+Kym6QXbnKpzp4VOktSxIwU=
-18,-16,UcgdMTn4VR93/gGG6FLRQjz87m4=,JJRs+Kym6QXbnKpzp4VOktSxIwU=
-24,-1,UcgdMTn4VR93/gGG6FLRQjz87m4=,JJRs+Kym6QXbnKpzp4VOktSxIwU=
-18,-2,UcgdMTn4VR93/gGG6FLRQjz87m4=,JJRs+Kym6QXbnKpzp4VOktSxIwU=
-24,-16,UcgdMTn4VR93/gGG6FLRQjz87m4=,JJRs+Kym6QXbnKpzp4VOktSxIwU=
-26,-4,UcgdMTn4VR93/gGG6FLRQjz87m4=,JJRs+Kym6QXbnKpzp4VOktSxIwU=
-23,-1,UcgdMTn4VR93/gGG6FLRQjz87m4=,JJRs+Kym6QXbnKpzp4VOktSxIwU=
-21,-16,UcgdMTn4VR93/gGG6FLRQjz87m4=,JJRs+Kym6QXbnKpzp4VOktSxIwU=
-22,-1,UcgdMTn4VR93/gGG6FLRQjz87m4=,JJRs+Kym6QXbnKpzp4VOktSxIwU=
-22,-16,UcgdMTn4VR93/gGG6FLRQjz87m4=,JJRs+Kym6QXbnKpzp4VOktSxIwU=
-21,-1,UcgdMTn4VR93/gGG6FLRQjz87m4=,JJRs+Kym6QXbnKpzp4VOktSxIwU=
-23,-16,UcgdMTn4VR93/gGG6FLRQjz87m4=,JJRs+Kym6QXbnKpzp4VOktSxIwU=
-22,-4,UcgdMTn4VR93/gGG6FLRQjz87m4=,JJRs+Kym6QXbnKpzp4VOktSxIwU=
-20,-1,UcgdMTn4VR93/gGG6FLRQjz87m4=,JJRs+Kym6QXbnKpzp4VOktSxIwU=
-19,-1,UcgdMTn4VR93/gGG6FLRQjz87m4=,JJRs+Kym6QXbnKpzp4VOktSxIwU=
-18,-1,UcgdMTn4VR93/gGG6FLRQjz87m4=,JJRs+Kym6QXbnKpzp4VOktSxIwU=
-17,-1,UcgdMTn4VR93/gGG6FLRQjz87m4=,JJRs+Kym6QXbnKpzp4VOktSxIwU=
-17,-2,UcgdMTn4VR93/gGG6FLRQjz87m4=,JJRs+Kym6QXbnKpzp4VOktSxIwU=
-17,-3,UcgdMTn4VR93/gGG6FLRQjz87m4=,JJRs+Kym6QXbnKpzp4VOktSxIwU=
-17,-4,UcgdMTn4VR93/gGG6FLRQjz87m4=,JJRs+Kym6QXbnKpzp4VOktSxIwU=
-26,-2,UcgdMTn4VR93/gGG6FLRQjz87m4=,JJRs+Kym6QXbnKpzp4VOktSxIwU=
-24,-2,UcgdMTn4VR93/gGG6FLRQjz87m4=,JJRs+Kym6QXbnKpzp4VOktSxIwU=
-25,-2,UcgdMTn4VR93/gGG6FLRQjz87m4=,JJRs+Kym6QXbnKpzp4VOktSxIwU=
-21,-3,UcgdMTn4VR93/gGG6FLRQjz87m4=,JJRs+Kym6QXbnKpzp4VOktSxIwU=
-24,-4,UcgdMTn4VR93/gGG6FLRQjz87m4=,JJRs+Kym6QXbnKpzp4VOktSxIwU=
-27,-2,UcgdMTn4VR93/gGG6FLRQjz87m4=,JJRs+Kym6QXbnKpzp4VOktSxIwU=
-25,-4,UcgdMTn4VR93/gGG6FLRQjz87m4=,JJRs+Kym6QXbnKpzp4VOktSxIwU=
-24,-3,UcgdMTn4VR93/gGG6FLRQjz87m4=,JJRs+Kym6QXbnKpzp4VOktSxIwU=
-22,-2,UcgdMTn4VR93/gGG6FLRQjz87m4=,JJRs+Kym6QXbnKpzp4VOktSxIwU=
-23,-2,UcgdMTn4VR93/gGG6FLRQjz87m4=,JJRs+Kym6QXbnKpzp4VOktSxIwU=
-28,-2,UcgdMTn4VR93/gGG6FLRQjz87m4=,JJRs+Kym6QXbnKpzp4VOktSxIwU=
-18,-4,UcgdMTn4VR93/gGG6FLRQjz87m4=,JJRs+Kym6QXbnKpzp4VOktSxIwU=
-32,-15,UcgdMTn4VR93/gGG6FLRQjz87m4=,JJRs+Kym6QXbnKpzp4VOktSxIwU=
-23,-3,UcgdMTn4VR93/gGG6FLRQjz87m4=,JJRs+Kym6QXbnKpzp4VOktSxIwU=
-19,-4,UcgdMTn4VR93/gGG6FLRQjz87m4=,JJRs+Kym6QXbnKpzp4VOktSxIwU=
-21,-2,UcgdMTn4VR93/gGG6FLRQjz87m4=,JJRs+Kym6QXbnKpzp4VOktSxIwU=
-20,-4,UcgdMTn4VR93/gGG6FLRQjz87m4=,JJRs+Kym6QXbnKpzp4VOktSxIwU=
-20,-2,UcgdMTn4VR93/gGG6FLRQjz87m4=,JJRs+Kym6QXbnKpzp4VOktSxIwU=
-21,-4,UcgdMTn4VR93/gGG6FLRQjz87m4=,JJRs+Kym6QXbnKpzp4VOktSxIwU=
-32,-14,UcgdMTn4VR93/gGG6FLRQjz87m4=,JJRs+Kym6QXbnKpzp4VOktSxIwU=
-19,-2,UcgdMTn4VR93/gGG6FLRQjz87m4=,JJRs+Kym6QXbnKpzp4VOktSxIwU=
-22,-3,UcgdMTn4VR93/gGG6FLRQjz87m4=,JJRs+Kym6QXbnKpzp4VOktSxIwU=
-23,-4,UcgdMTn4VR93/gGG6FLRQjz87m4=,JJRs+Kym6QXbnKpzp4VOktSxIwU=
-24,-13,UcgdMTn4VR93/gGG6FLRQjz87m4=,JJRs+Kym6QXbnKpzp4VOktSxIwU=
-25,-16,UcgdMTn4VR93/gGG6FLRQjz87m4=,JJRs+Kym6QXbnKpzp4VOktSxIwU=
-18,-3,UcgdMTn4VR93/gGG6FLRQjz87m4=,JJRs+Kym6QXbnKpzp4VOktSxIwU=
-28,-3,UcgdMTn4VR93/gGG6FLRQjz87m4=,JJRs+Kym6QXbnKpzp4VOktSxIwU=
-25,-3,UcgdMTn4VR93/gGG6FLRQjz87m4=,JJRs+Kym6QXbnKpzp4VOktSxIwU=
-24,-15,UcgdMTn4VR93/gGG6FLRQjz87m4=,JJRs+Kym6QXbnKpzp4VOktSxIwU=
-20,-3,UcgdMTn4VR93/gGG6FLRQjz87m4=,JJRs+Kym6QXbnKpzp4VOktSxIwU=
-19,-3,UcgdMTn4VR93/gGG6FLRQjz87m4=,JJRs+Kym6QXbnKpzp4VOktSxIwU=
-26,-3,UcgdMTn4VR93/gGG6FLRQjz87m4=,JJRs+Kym6QXbnKpzp4VOktSxIwU=
-32,-13,UcgdMTn4VR93/gGG6FLRQjz87m4=,JJRs+Kym6QXbnKpzp4VOktSxIwU=
-24,-14,UcgdMTn4VR93/gGG6FLRQjz87m4=,JJRs+Kym6QXbnKpzp4VOktSxIwU=
-21,-15,UcgdMTn4VR93/gGG6FLRQjz87m4=,JJRs+Kym6QXbnKpzp4VOktSxIwU=
-21,-13,UcgdMTn4VR93/gGG6FLRQjz87m4=,JJRs+Kym6QXbnKpzp4VOktSxIwU=
-22,-13,UcgdMTn4VR93/gGG6FLRQjz87m4=,JJRs+Kym6QXbnKpzp4VOktSxIwU=
-23,-13,UcgdMTn4VR93/gGG6FLRQjz87m4=,JJRs+Kym6QXbnKpzp4VOktSxIwU=
-22,-15,UcgdMTn4VR93/gGG6FLRQjz87m4=,JJRs+Kym6QXbnKpzp4VOktSxIwU=
-23,-15,UcgdMTn4VR93/gGG6FLRQjz87m4=,JJRs+Kym6QXbnKpzp4VOktSxIwU=
-28,-14,UcgdMTn4VR93/gGG6FLRQjz87m4=,JJRs+Kym6QXbnKpzp4VOktSxIwU=
-21,-14,UcgdMTn4VR93/gGG6FLRQjz87m4=,JJRs+Kym6QXbnKpzp4VOktSxIwU=
-26,-14,UcgdMTn4VR93/gGG6FLRQjz87m4=,JJRs+Kym6QXbnKpzp4VOktSxIwU=
-27,-3,UcgdMTn4VR93/gGG6FLRQjz87m4=,JJRs+Kym6QXbnKpzp4VOktSxIwU=
-22,-14,UcgdMTn4VR93/gGG6FLRQjz87m4=,JJRs+Kym6QXbnKpzp4VOktSxIwU=
-27,-14,UcgdMTn4VR93/gGG6FLRQjz87m4=,JJRs+Kym6QXbnKpzp4VOktSxIwU=
-23,-14,UcgdMTn4VR93/gGG6FLRQjz87m4=,JJRs+Kym6QXbnKpzp4VOktSxIwU=
-29,-14,UcgdMTn4VR93/gGG6FLRQjz87m4=,JJRs+Kym6QXbnKpzp4VOktSxIwU=
-25,-14,UcgdMTn4VR93/gGG6FLRQjz87m4=,JJRs+Kym6QXbnKpzp4VOktSxIwU=
-32,-16,UcgdMTn4VR93/gGG6FLRQjz87m4=,JJRs+Kym6QXbnKpzp4VOktSxIwU=
-30,-13,UcgdMTn4VR93/gGG6FLRQjz87m4=,JJRs+Kym6QXbnKpzp4VOktSxIwU=
-27,-16,UcgdMTn4VR93/gGG6FLRQjz87m4=,JJRs+Kym6QXbnKpzp4VOktSxIwU=
-26,-16,UcgdMTn4VR93/gGG6FLRQjz87m4=,JJRs+Kym6QXbnKpzp4VOktSxIwU=
-29,-13,UcgdMTn4VR93/gGG6FLRQjz87m4=,JJRs+Kym6QXbnKpzp4VOktSxIwU=
-30,-14,UcgdMTn4VR93/gGG6FLRQjz87m4=,JJRs+Kym6QXbnKpzp4VOktSxIwU=
-31,-16,UcgdMTn4VR93/gGG6FLRQjz87m4=,JJRs+Kym6QXbnKpzp4VOktSxIwU=
-28,-13,UcgdMTn4VR93/gGG6FLRQjz87m4=,JJRs+Kym6QXbnKpzp4VOktSxIwU=
-27,-13,UcgdMTn4VR93/gGG6FLRQjz87m4=,JJRs+Kym6QXbnKpzp4VOktSxIwU=
-31,-13,UcgdMTn4VR93/gGG6FLRQjz87m4=,JJRs+Kym6QXbnKpzp4VOktSxIwU=
-31,-15,UcgdMTn4VR93/gGG6FLRQjz87m4=,JJRs+Kym6QXbnKpzp4VOktSxIwU=
-26,-13,UcgdMTn4VR93/gGG6FLRQjz87m4=,JJRs+Kym6QXbnKpzp4VOktSxIwU=
-25,-13,UcgdMTn4VR93/gGG6FLRQjz87m4=,JJRs+Kym6QXbnKpzp4VOktSxIwU=
-31,-14,UcgdMTn4VR93/gGG6FLRQjz87m4=,JJRs+Kym6QXbnKpzp4VOktSxIwU=
-30,-16,UcgdMTn4VR93/gGG6FLRQjz87m4=,JJRs+Kym6QXbnKpzp4VOktSxIwU=
-29,-15,UcgdMTn4VR93/gGG6FLRQjz87m4=,JJRs+Kym6QXbnKpzp4VOktSxIwU=
-28,-15,UcgdMTn4VR93/gGG6FLRQjz87m4=,JJRs+Kym6QXbnKpzp4VOktSxIwU=
-30,-15,UcgdMTn4VR93/gGG6FLRQjz87m4=,JJRs+Kym6QXbnKpzp4VOktSxIwU=
-25,-15,UcgdMTn4VR93/gGG6FLRQjz87m4=,JJRs+Kym6QXbnKpzp4VOktSxIwU=
-26,-15,UcgdMTn4VR93/gGG6FLRQjz87m4=,JJRs+Kym6QXbnKpzp4VOktSxIwU=
-28,-16,UcgdMTn4VR93/gGG6FLRQjz87m4=,JJRs+Kym6QXbnKpzp4VOktSxIwU=
-29,-16,UcgdMTn4VR93/gGG6FLRQjz87m4=,JJRs+Kym6QXbnKpzp4VOktSxIwU=
-27,-15,UcgdMTn4VR93/gGG6FLRQjz87m4=,JJRs+Kym6QXbnKpzp4VOktSxIwU=
